spin_index,corr
0,-0.106873830557
1,-0.331496551306
2,0.110203967153
3,-0.187152896572
4,0.231291381561
5,0.145628237476
6,-0.115597421362
7,-0.305204862223
8,-0.0220861765177
9,-0.250548490233
10,0.0431240324129
11,0.191963888109
12,-0.0510410201347
13,0.0940041410191
14,-0.0864153384282
15,-0.0585591314505
16,0.267886704046
17,0.160144908444
18,-0.344916463168
19,-0.247152496984
20,-0.121248876921
21,0.325904128418
22,0.00149743265161
23,-0.00912033136844
24,-0.400599309095
25,0.173142107735
26,-0.325391351067
27,0.192724912369
28,-0.102448556627
29,-0.12768627616
30,-0.181321116726
31,0.231076997649
32,-0.0728831569811
33,0.0850514623754
34,0.140154383257
35,-0.264922204042
36,0.234861374785
37,-0.290839617003
38,0.10293992333
39,0.217893477739
40,0.160823071041
41,-0.118031359799
42,-0.339174771905
43,0.130718016849
44,0.191131150504
45,-0.040120273635
46,0.178016585878
47,0.00718051923587
48,-0.0225788412232
49,-0.233085606302
50,-0.235834297684
51,0.0988010685919
52,-0.102674539248
53,-0.23402136662
54,-0.0593766791002
55,0.261926453393
56,0.0400718103288
57,-0.363710509586
58,-0.161576123238
59,-0.324926943223
60,-0.319052536639
61,-0.330537027908
62,0.0695624794814
63,0.292407046663
64,0.0864684685355
65,-0.295992729344
66,-0.0254246516732
67,-0.116786451156
68,0.105898878674
69,-0.199411550133
70,-0.0657621007689
71,-0.171122445617
72,-0.0431085707337
73,0.279721001598
74,-0.12936620222
75,0.194861510094
76,0.00921300709767
77,-0.130588404311
78,-0.0573861273119
79,-0.0399878239696
80,-0.0373153797276
81,-0.0784568091436
82,0.355725187324
83,0.0908351662595
84,0.119988142961
85,-0.0163124819128
86,-0.267919718813
87,-0.340001873731
88,0.109508296196
89,0.058559674576
90,-0.233271963206
91,-0.0291505113702
92,-0.273034912715
93,0.337697572172
94,0.293091157226
95,-0.0576456130934
96,-0.373790763537
97,-0.302936286254
98,0.096893569843
99,-0.0258025151756
100,-0.3919527794
101,-0.14253212402
102,0.430369601746
103,-0.00851817509212
104,0.32722463829
105,0.141327492973
106,0.0258558488539
107,-0.0167976158183
108,-0.0782496047646
109,0.31635512583
110,0.245062903473
111,-0.168886991568
112,0.205401255255
113,0.225497974824
114,-0.178638424242
115,0.0629771400459
116,-0.191925911573
117,0.00749459174843
118,-0.0269098113652
119,-0.196036290446
120,-0.0224912653642
121,0.190198654806
122,-0.0745976506435
123,-0.0858617049871
124,-0.0173658685168
125,-0.0526115406088
126,-0.216584449668
127,-0.036699336426
128,0.0255635983399
129,-0.301869131819
130,0.0695715171016
131,-0.0215145028356
132,0.278558710022
133,-0.319331091892
134,0.234121174178
135,0.0638574680834
136,0.20929082568
137,-0.0743928619894
138,-0.0899514184837
139,-0.118201871433
140,0.16665808749
141,-0.0272476922146
142,0.31495063512
143,-0.279674434373
144,-0.438218418653
145,-0.213338268505
146,-0.131411909764
147,-0.106557762691
148,0.135716955168
149,0.118561465445
150,0.114426607225
151,0.190979067274
152,0.152903041039
153,-0.313700396626
154,-0.0149575144514
155,0.138159810669
156,0.225691947393
157,-0.240453680844
158,0.129725270073
159,-0.00268703050297
160,0.198880871914
161,0.176357712836
162,0.0335007357735
163,0.164850754755
164,0.0331590337523
165,0.192495393001
166,-0.0641596512825
167,0.328817276302
168,-0.280289047797
169,-0.185933800909
170,0.319977760665
171,0.0914195368248
172,0.179150093266
173,-0.0113314115743
174,-0.219028308212
175,0.132655137892
176,0.0924299620962
177,0.231489168586
178,-0.00512549362407
179,-0.374412647684
180,-0.0357976461144
181,-0.126846541918
182,-0.0653679854854
183,0.217248508607
184,0.275274708849
185,-0.0509498012193
186,0.268834785292
187,0.197052875658
188,0.0583021151158
189,0.241780501978
190,0.0600360005581
191,-0.10823636387
192,-0.0572481273465
193,0.0191746151307
194,0.104961965619
195,0.189368946436
196,-0.255111753317
197,0.082517596887
198,0.0976280663473
199,0.0171528431475
200,-0.173864074855
201,0.0638589253493
202,-0.285302011078
203,-0.254876318699
204,0.190326749941
205,0.210190641938
206,0.156781877567
207,-0.0736835843165
208,0.0239310364526
209,-0.0135392988665
210,-0.0875704289377
211,-0.0741162135452
212,-0.0896569337402
213,-0.136564678693
214,-0.146624132113
215,-0.110701326779
216,0.242035910163
217,0.27816623992
218,-0.0761829527457
219,-0.134092242215
220,-0.0606676501564
221,0.0234004909986
222,-0.259215004894
223,-0.293601034348
224,0.0331299059094
225,-0.0579577381459
226,0.188837888895
227,-0.107962779075
228,-0.076464053689
229,-0.0974164441229
230,0.249429970724
231,-0.298785640471
232,-0.0946106785788
233,-0.25490002282
234,-0.352713136136
235,0.0732001761004
236,-0.228996791615
237,-0.339174771905
238,-0.179924055118
239,0.223442434759
240,-0.201630523316
241,0.214057919214
242,-0.18337575017
243,0.267125729537
244,0.192912870354
245,-0.0357718639351
246,-0.398115034414
247,-0.304581965357
248,0.21082317459
249,-0.0178783099937
250,-0.308041497085
251,0.176406778153
252,-0.0917192645938
253,0.0515598028991
254,-0.394577185817
255,0.169662675549
256,0.0212697562072
257,-0.00516872610258
258,-0.319962516875
259,-0.0668770165765
260,0.123071500585
261,0.21959337988
262,0.186555670498
263,-0.205303580517
264,-0.12384833521
265,-0.185399822722
266,-0.248453475757
267,-0.118355141876
268,0.0355433055496
269,0.193058069976
270,0.289924825482
271,-0.11535749004
272,0.214933692999
273,0.196820867622
274,0.0248721579946
275,-0.22925332002
276,-0.121689388462
277,0.170367158254
278,-0.034774514478
279,0.0137457212234
280,0.0702075756176
281,-0.17109731521
282,0.00813133664396
283,0.174422727845
284,-0.280622216398
285,-0.176221450005
286,-0.161641157503
287,0.118097264145
288,0.252049903845
289,0.392346438191
290,-0.103447298163
291,-0.101608746119
292,0.317103942656
293,0.0179284673033
294,-0.116953996644
295,0.172942101286
296,0.141655020771
297,0.264986422085
298,-0.414592532423
299,-0.321416239233
300,0.0730558036045
301,-0.243618018307
302,0.0388270245231
303,-0.136525372003
304,-0.243137156186
305,0.125067418643
306,-0.123329817627
307,0.291783016139
308,0.281719587678
309,0.158367968695
310,0.236534808344
311,-0.0425676452875
312,-0.0820590050146
313,0.356305725974
314,0.16722068799
315,0.128554303369
316,0.186517890445
317,0.186053192178
318,-0.273730128176
319,-0.0928076004613
320,0.0947695640472
321,0.133419398536
322,0.0599473343562
323,0.100488847752
324,0.124914304753
325,-0.381512650307
326,0.110062206863
327,0.0502612516256
328,0.110898475718
329,0.212455427438
330,-0.131147841032
331,0.221074390972
332,-0.0362728351663
333,-0.0393126808883
334,-0.0640824331937
335,-0.0677981192445
336,0.258685608766
337,-0.138839937878
338,-0.0502838793684
339,-0.0653679053786
340,0.160563349962
341,0.1160987196
342,-0.0670288616014
343,0.144466395097
344,-0.317452016984
345,-0.0641511432468
346,0.202856122255
347,-0.0646687146831
348,-0.0580901247865
349,-0.309460532899
350,0.206781890637
351,-0.0516654711798
352,0.196153623486
353,-0.0859165860715
354,0.0694501937333
355,-0.233785865969
356,-0.180480931582
357,-0.27980634734
358,0.226489396832
359,-0.0576063343968
360,0.179038171662
361,0.267615068866
362,0.260289406042
363,0.0835802437559
364,-0.161053791296
365,0.161725345498
366,0.185613112988
367,0.234063314717
368,-0.0757154291188
369,0.137358918387
370,0.285769964413
371,0.25420818014
372,0.0372315493896
373,0.12825074695
374,0.16342802323
375,-0.300715454007
376,0.264029159589
377,-0.0909944746881
378,0.0648605514316
379,-0.0997736139638
380,-0.256058875521
381,0.224112902095
382,-0.337469300644
383,0.290943045438
384,0.321323205082
385,0.016485000328
386,0.187376235158
387,-0.205874207554
388,0.132419694855
389,0.0320631986148
390,-0.153356063937
391,-0.169481972916
392,0.271158727157
393,0.0625942393593
394,0.139584311917
395,-0.0407156679757
396,0.140522703147
397,0.174750574995
398,0.28504577721
399,0.125522408867
400,0.243701799554
401,-0.261678425897
402,0.292407046663
403,0.114168056353
404,-0.0248519304624
405,-0.146981499353
406,0.0860890248976
407,0.0653367879503
408,0.0723520424356
409,-0.392952806664
410,-0.144413127222
411,0.185873343674
412,-0.348429371275
413,-0.0953289593144
414,0.0499932625329
415,0.130790981463
416,0.25994037961
417,0.1239710772
418,-0.256151861482
419,0.061393484018
420,0.161496303163
421,0.269987584337
422,0.120607573626
423,-0.24871231558
424,-0.119279443026
425,-0.0596352059871
426,-0.268784360174
427,-0.301178658463
428,-0.0935994956092
429,0.137978975844
430,-0.0863894048062
431,0.00605791279417
432,0.00541325817128
433,0.0844066983436
434,0.166374852171
435,-0.325438953722
436,0.112887067176
437,-0.192786368889
438,-0.102582731594
439,0.0587396349656
440,-0.070074259543
441,0.033661989737
442,0.135360994303
443,-0.175536987771
444,0.0445768006102
445,0.206994857682
446,0.0508702753635
447,-0.339606844689
448,-0.258641346131
449,-0.0776395380179
450,-0.121689858591
451,0.264062330387
452,-0.0133888623372
453,0.182342000917
454,0.0783482041806
455,-0.175731286905
456,-0.0539217640731
457,-0.275640961062
458,-0.0167868340446
459,0.0163922033414
460,-0.0701005901329
461,0.102433238762
462,-0.0340896191435
463,-0.103187506936
464,0.130955474761
465,0.191069821935
466,0.114365061047
467,-0.020228189959
468,-0.203987421069
469,0.0318579788596
470,0.16722068799
471,-0.0154907383648
472,-0.0802710442909
473,-0.00309785690133
474,-0.110430318022
475,0.177098319659
476,0.267868928557
477,-0.310366195699
478,-0.0113188246016
479,-0.0704729770326
480,0.0502000336698
481,0.387077950707
482,0.34572013363
483,0.0438067249543
484,0.330297995117
485,0.0497753203197
486,0.165807107971
487,0.151899611699
488,0.00519760502075
489,0.188121412463
490,-0.271452753276
491,0.22942360094
492,-0.0524436440529
493,-0.203178357326
494,-0.257144224784
495,-0.0508071937709
496,-0.185021804654
497,-0.073113026016
498,-0.239961641043
499,-0.105962618304
500,0.305434653851
501,0.0928070113992
502,-0.135883003314
503,-0.144310575622
504,-0.180575386442
505,-0.284741836158
506,0.271012607702
507,-0.176609729162
508,0.318719040424
509,-0.265793787529
510,0.198797464063
511,-0.150103043073
512,0.27002107155
513,0.224639207627
514,0.0421402227888
515,0.110887831748
516,0.161130829808
517,0.299631334653
518,0.224564324797
519,-0.027108757719
520,0.0131668187022
521,0.230974756181
522,0.274827004397
523,0.257221979556
524,0.00174478165571
525,0.215598448974
526,-0.348094335035
527,-0.263260765752
528,0.0884232106068
529,0.0673155411208
530,0.133976460325
531,0.0676069491987
532,-0.307438364964
533,-0.112617697639
534,0.26109180023
535,-0.23546940993
536,0.222589687561
537,-0.41707133054
538,0.205315318672
539,0.300710040433
540,-0.111545120291
541,-0.276859695777
542,-0.337251513602
543,-0.195802252016
544,0.0668802582976
545,0.0127657528407
546,0.262082572345
547,-0.0560834385627
548,0.106477640075
549,-0.106513939329
550,0.0425010282572
551,0.0364044466542
552,0.0809677403234
553,-0.250545360833
554,0.30943486781
555,0.0318185098819
556,0.00953194679084
557,0.256742912043
558,-0.13596536059
559,-0.00756481918344
560,0.0867836863346
561,-0.254509442815
562,-0.0887375592465
563,-0.185068817171
564,0.201538015644
565,-0.18982126671
566,0.224675211353
567,0.31944671103
568,-0.0926595763269
569,0.309224165597
570,0.259776590169
571,0.00781749472714
572,-0.173895330488
573,-0.314573968693
574,-0.211909885323
575,0.11305261276
576,0.226566381726
577,0.352037007154
578,0.106684690395
579,0.288906781204
580,0.170790016507
581,0.180810650095
582,0.0914323978247
583,-0.0429279174146
584,-0.0609657715906
585,0.199001127617
586,-0.0473220733065
587,0.0935743345307
588,0.157725169802
589,0.0341305981
590,0.166076445043
591,-0.286659874914
592,0.110423785336
593,-0.262933482164
594,-0.294009553976
595,0.0387038957791
596,-0.277566013701
597,-0.0922538151507
598,-0.000369097916424
599,-0.360614897424
600,-0.258450918596
601,-0.31824392008
602,-0.235563369344
603,-0.229379716795
604,-0.179628361646
605,-0.215365343177
606,-0.0738055880498
607,0.0637367941703
608,0.380224106276
609,0.144869753084
610,0.208492281336
611,-0.173744426579
612,0.158232784624
613,0.256689154071
614,-0.0455302781423
615,-0.0723911389731
616,-0.094759785555
617,0.149907130995
618,-0.15228579598
619,0.211064990792
620,-0.328939516257
621,-0.071024982765
622,-0.231979227401
623,-0.00317079889038
624,0.127943673768
625,-0.149583762553
626,-0.192338740589
627,-0.228864947609
628,-0.303451029509
629,0.0836635042368
630,0.157615429113
631,0.199402440213
632,0.0318803975693
633,-0.131354340643
634,-0.271668933789
635,-0.0238938640647
636,0.184283700702
637,-0.164827298233
638,0.15092475979
639,-0.327812772782
640,-0.149402373327
641,0.192322794667
642,0.0960408232206
643,-0.351975074053
644,-0.41505802984
645,-0.0809748570131
646,-0.295217773392
647,-0.11357332237
648,-0.000344178616314
649,0.0369688739361
650,0.176113835459
651,-0.130548360042
652,0.288950939599
653,0.0664778246347
654,0.220147745811
655,-0.0749680399386
656,0.208951643628
657,-0.0342535170638
658,0.122419517422
659,0.0385694043755
660,0.205744715522
661,-0.12477339756
662,0.106081630382
663,-0.271696885452
664,-0.268784360174
665,0.241731444912
666,-0.0296187254344
667,-0.28694714021
668,0.350283861893
669,-0.0677277700195
670,0.0759514649015
671,0.076448355877
672,-0.273041357561
673,-0.022509317395
674,0.00463999959134
675,-0.261619608144
676,0.0277496618316
677,0.239289096861
678,0.0234119095336
679,-0.180181054289
680,-0.174234690807
681,-0.113928289565
682,0.138374968735
683,-0.108198333325
684,-0.187642558264
685,0.190198654806
686,0.21962169869
687,-0.272436291886
688,-0.465182753468
689,-0.0586720189364
690,0.0766867599623
691,0.0053347042309
692,0.127849672761
693,-0.0771988372402
694,0.259011521135
695,-0.122568171562
696,-0.0784568091436
697,0.344504213375
698,0.136174644908
699,-0.234399076589
700,0.0247233100256
701,0.0939961262375
702,-0.251735142504
703,0.200370636739
704,-0.293252212178
705,0.16226618498
706,-0.0633818874223
707,-0.3980541531
708,-0.104447849767
709,-0.176697556553
710,0.303881756419
711,-0.0423001867502
712,-0.196245460397
713,0.30574894084
714,0.281507219578
715,0.111704883474
716,0.162739463018
717,-0.214911052294
718,-0.169322318349
719,0.257777224589
720,-0.215543350733
721,0.092433843548
722,-0.335155829737
723,-0.0373580206546
724,0.161607261276
725,-0.0402335710324
726,0.186303885884
727,0.0926296908565
728,0.1463909096
729,-0.31563930855
730,-0.230268751961
731,0.124708745926
732,-0.289298616228
733,-0.0326852023356
734,0.0836450746124
735,-0.0787251139871
736,-0.112184161392
737,-0.270972490569
738,-0.121946247165
739,-0.0987735700336
740,-0.0527254151308
741,-0.339108579747
742,0.00180655558148
743,-0.136852628487
744,0.129347855382
745,-0.0964975227041
746,-0.141190412207
747,-0.0035286599389
748,-0.295601730792
749,0.476416777176
750,0.126756035992
751,-0.0728843235641
752,-0.290229459821
753,-0.405106464833
754,0.113410676224
755,-0.0312447655437
756,0.199812900907
757,-0.190161115512
758,-0.336210218835
759,0.00255463300557
760,-0.0545114585684
761,0.19683522055
762,0.272891387684
763,0.205315318672
764,-0.106650685605
765,0.0930281014743
766,-0.0470983493518
767,-0.0840062038051
768,0.282331220631
769,0.0846030508522
770,-0.0517665009985
771,-0.315332899728
772,-0.273034912715
773,0.207010050768
774,-0.0491614744203
775,0.153718196306
776,-0.0673800248379
777,0.187445177625
778,-0.196475655516
779,0.152472286301
780,0.0344889313429
781,-0.0443352420042
782,-0.12338964295
783,-0.173384074034
784,0.118658198287
785,-0.251932034076
786,-0.0107777012108
787,0.0869419007397
788,0.0084239978116
789,-0.0542654633542
790,-5.44300097814e-05
791,-0.251669465966
792,0.117848805992
793,-0.0535925714284
794,-0.0890895693967
795,-0.259231597141
796,-0.280450680275
797,0.129939847443
798,0.137845704202
799,0.117374605723
800,0.287923039007
801,-0.0517665009985
802,-0.0358215568116
803,0.0692112083329
804,0.0131982935404
805,-0.152516664635
806,0.129071696266
807,-0.313693827803
808,-0.0766988837742
809,0.0869419007397
810,0.00416921717526
811,0.276609591382
812,0.179117819248
813,0.0670342087063
814,0.301076001239
815,0.181308343688
816,0.20034928388
817,-0.0224791609315
818,-0.210463871431
819,-0.250416043963
820,0.430369601746
821,-0.138132210382
822,-0.0938270396974
823,0.0796280535269
824,-0.236852485555
825,-0.0975611143442
826,0.164542340177
827,0.193099797847
828,-0.018201392248
829,-0.218447576215
830,0.00725037641322
831,-0.269233190352
832,-0.319515829045
833,0.0608116431813
834,0.126045548471
835,-0.0772443689679
836,-0.416576233409
837,-0.279924943446
838,0.214627097189
839,-0.349056949114
840,-0.0952814152349
841,-0.00784509002166
842,0.355910408507
843,0.151063837619
844,0.323406454382
845,0.0472218370917
846,0.100854687816
847,-0.328533998318
848,0.202802384981
849,0.103425713879
850,0.192555451304
851,0.12720716158
852,0.221902593638
853,0.0503388885902
854,-0.0883222834401
855,-0.143834712541
856,-0.162280445313
857,-0.0845887146164
858,0.193121141656
859,0.0490407810299
860,-0.245744596531
861,0.28504447233
862,0.285160027526
863,0.15600841989
864,-0.242309201422
865,-0.15556461671
866,0.272295378629
867,0.0791358859713
868,-0.183719420246
869,-0.0128605250686
870,0.0147864427042
871,-0.150865226014
872,-0.0564552337455
873,-0.218396018029
874,-0.268784360174
875,0.0777539941143
876,0.191722862968
877,0.316795677994
878,-0.276172875539
879,0.22530304099
880,0.136185184951
881,-0.212100262543
882,-0.168098726367
883,-0.232152414784
884,-0.0673421263763
885,0.311856768804
886,0.215032098728
887,0.215353147875
888,0.0585144057134
889,-0.0820462538126
890,0.221036005319
891,0.314649300503
892,0.203898390622
893,0.385241708827
894,-0.278622981732
895,0.0358592711607
896,-0.19145059481
897,0.299746883505
898,0.0611675128607
899,0.0439344416838
900,-0.149546126501
901,-0.020473179837
902,-0.127162026878
903,0.046932539794
904,-0.271928217551
905,-0.097683879468
906,0.128112743889
907,-0.326446246085
908,-0.0155939606529
909,0.0720686130263
910,-0.137407013065
911,0.125030054805
912,-0.230846118224
913,0.211164647908
914,-0.219586982519
915,0.274823892147
916,0.120172634937
917,0.107377169575
918,-0.125273830016
919,0.292099098417
920,-0.285264233902
921,-0.0705510637037
922,-0.152768196694
923,0.0278119469238
924,-0.304085487612
925,0.00982353171791
926,-0.281776668505
927,0.154355505803
928,0.183225327195
929,0.0409923108773
930,-0.12679000295
931,0.232315006475
932,0.175411772678
933,0.0117895994854
934,-0.258506711855
935,0.100715769441
936,-0.312282427006
937,-0.0421422162743
938,-0.349465498756
939,0.146806460501
940,-0.0397991537294
941,0.265152314119
942,0.00767011098229
943,-0.162467835683
944,-0.335634253455
945,-0.155526091087
946,-0.129528384171
947,0.276899230832
948,0.109014469693
949,-0.315376528492
950,-0.0341785143623
951,0.0335696508337
952,0.0982345788511
953,-0.229410777512
954,0.103025883628
955,-0.172651575231
956,0.45314969482
957,0.318131066164
958,0.112962685338
959,0.24746504231
960,-0.0818302454593
961,0.224005528899
962,-0.0647631389686
963,-0.182649018177
964,0.0203265914336
965,-0.122949567835
966,0.220589792664
967,0.12294838786
968,-0.289845895835
969,0.162200627218
970,0.179233837234
971,-0.184013279119
972,-0.0485966255768
973,-0.0294718172603
974,0.227970320493
975,0.0294974277288
976,0.141535452626
977,0.221941173811
978,-0.264955858303
979,0.0574338527451
980,-0.128439234597
981,0.0137697600493
982,-0.0200271681291
983,-0.100179278991
984,-0.281776348519
985,0.13438664023
986,-0.0582509771517
987,0.310536716883
988,-0.0308809526827
989,-0.192490575279
990,-0.353337420024
991,-0.388029677026
992,0.189113623048
993,-0.101300408956
994,0.340438846768
995,-0.133106608515
996,-0.00975187625617
997,0.149227500641
998,-0.0320688207835
999,-0.271272875047
1000,0.272622233233
1001,0.234857183616
1002,-0.0587313956856
1003,0.168232357246
1004,0.1911038758
1005,-0.0266962587273
1006,0.199402440213
1007,0.260351354197
1008,-0.21516429175
1009,-0.281141579541
1010,0.106139499556
1011,-0.364055930272
1012,0.193940849665
1013,0.125204615325
1014,0.0860232410096
1015,-0.247919918975
1016,0.29446813405
1017,-0.140469351975
1018,-0.225494095147
1019,-0.120072572062
1020,-0.124281554379
1021,-0.374117921601
1022,0.000242665844442
1023,-0.040878614153
1024,0.0928125827214
1025,0.0864530815213
1026,-0.062917673658
1027,0.293231053037
1028,0.192803959072
1029,0.0599296385887
1030,-0.00917491446628
1031,0.368427563262
1032,-0.139535220897
1033,0.034052291229
1034,-0.31888617332
1035,-0.285455065388
1036,0.147321642086
1037,0.141490006783
1038,-0.291365185896
1039,-0.271668933789
1040,-0.399320570782
1041,-0.386980581016
1042,-0.143097232572
1043,-0.139238523241
1044,0.280886291135
1045,-0.13567740752
1046,-0.0179858422106
1047,-0.0481473296469
1048,0.0908113337874
1049,-0.0395739098099
1050,-0.0319375787058
1051,0.216379648439
1052,0.0963872304295
1053,-0.250024831787
1054,0.248905007925
1055,0.124695025687
1056,0.185561304389
1057,0.292629607695
1058,-0.0332515110348
1059,-0.136387811887
1060,0.248009679914
1061,0.110179395958
1062,0.199906433556
1063,-0.0952098795103
1064,-0.128542731569
1065,-0.0419582886094
1066,-0.0422497226412
1067,-0.340432165346
1068,-0.200686988613
1069,0.310597249852
1070,0.19467203401
1071,-0.223614902442
1072,0.195634460481
1073,-0.0927270929343
1074,0.198112010501
1075,0.188923847323
1076,-0.0342054162653
1077,0.0827810610673
1078,-0.0362728351663
1079,-0.139348893581
1080,0.138718012669
1081,0.269239704194
1082,-0.0381162976281
1083,0.302585508459
1084,0.0695737805507
1085,-0.247292803606
1086,-0.193816254691
1087,0.0111557178233
1088,0.271022575397
1089,0.00953194679084
1090,0.249983351385
1091,0.277644798742
1092,-0.00416161815319
1093,0.205807157424
1094,-0.133662462715
1095,-0.180674846845
1096,-0.3428918882
1097,-0.172189420864
1098,-0.00977811175603
1099,-0.0253367052664
1100,-0.280355059161
1101,0.259050230372
1102,-0.128735005181
1103,0.0263236419604
1104,0.1885408473
1105,-0.287338723274
1106,0.123505998184
1107,-0.223533732277
1108,-0.39724472945
1109,0.107352098583
1110,0.283190039213
1111,0.214271468285
1112,-0.26141680951
1113,-0.0947714669507
1114,0.131628012165
1115,-0.0869817800333
1116,-0.224908547502
1117,-0.287877877017
1118,0.217632830795
1119,-0.104986547188
1120,-0.335005493982
1121,-0.203233530321
1122,-0.23965075083
1123,0.124172741729
1124,-0.069664917269
1125,-0.238123318132
1126,0.22942360094
1127,-0.131754718558
1128,0.274662164503
1129,-0.348499795231
1130,-0.19128568076
1131,-0.0350731965217
1132,-0.0467793903736
1133,0.0231704486729
1134,-0.0946785382008
1135,-0.328479827416
1136,0.00335746992506
1137,-0.168898960384
1138,-0.132951039872
1139,-0.271815465969
1140,0.105734066225
1141,0.154935218085
1142,0.0786600216965
1143,0.0903580260004
1144,0.143011756482
1145,-0.196139204377
1146,0.144832185474
1147,-0.199001829771
1148,-0.342390674001
1149,-0.29781961323
1150,-0.0156530483438
1151,0.225759662538
1152,0.156176767559
1153,-0.134263419451
1154,-0.246055413328
1155,-0.279363406977
1156,0.0650839201116
1157,-0.257949356558
1158,0.0214287868202
1159,0.121829881857
1160,-0.168898960384
1161,-0.0951240593334
1162,-0.331496551306
1163,0.159647777883
1164,0.192123198801
1165,0.0514584576913
1166,0.0995932142307
1167,0.290966367892
1168,-0.11715622671
1169,0.0226711605381
1170,-0.0160835299266
1171,-0.0466472586191
1172,0.253205891832
1173,-0.206404527181
1174,-0.196814105681
1175,0.291736976778
1176,-0.0817911073514
1177,0.254470533133
1178,-0.0545804054801
1179,0.208202465837
1180,0.173184022931
1181,0.0390108174946
1182,0.384076428801
1183,0.206594652752
1184,0.175591029746
1185,0.0319464847318
1186,-0.218803775733
1187,0.110123599987
1188,0.0282733431273
1189,-0.114378482809
1190,0.211898503345
1191,0.120052249638
1192,-0.284345058859
1193,-0.0397097330902
1194,-0.152765784824
1195,0.0106885264867
1196,-0.178020537005
1197,-0.319025757599
1198,0.193223110705
1199,-0.00999266773754
1200,0.378524963475
1201,-0.327914179392
1202,-0.329580765028
1203,-0.0422300314988
1204,-0.30017539496
1205,-0.118351386913
1206,0.102113274199
1207,-0.16703495292
1208,-0.0686047257872
1209,0.149870397023
1210,0.325451003555
1211,-0.274871659251
1212,0.127397570051
1213,-0.298701689928
1214,-0.242029858272
1215,0.196533144629
1216,0.253041532473
1217,0.0567266719872
1218,-0.097427977338
1219,-0.0293017679169
1220,-0.330943459929
1221,-0.100113978863
1222,-0.0642508162003
1223,-0.0990740828711
1224,0.148639687425
1225,-0.015089840727
1226,-0.20810209567
1227,0.196774479645
1228,-0.14426188194
1229,-0.0946794356863
1230,0.0706771604282
1231,-0.253867151377
1232,0.0542471149051
1233,-0.113960590585
1234,-0.0793029483297
1235,0.114426607225
1236,0.280523090766
1237,0.280929735576
1238,-0.255826887112
1239,-0.0441129212102
1240,0.191338341657
1241,0.095895404676
1242,-0.120174078846
1243,0.0414399470224
1244,0.277928912594
1245,-0.0507763948463
1246,0.197236374331
1247,0.190408132145
1248,0.285632439335
1249,-0.343759990354
1250,0.258969789841
1251,-0.255861033378
1252,0.220486233936
1253,0.191052366755
1254,0.122934711142
1255,-0.0357336132193
1256,0.108280539375
1257,0.193940849665
1258,-0.027108757719
1259,0.0579482790777
1260,0.220218702798
1261,0.120415448287
1262,-0.143540890398
1263,0.0163097341568
1264,0.199534856685
1265,0.121846551148
1266,-0.259438790984
1267,-0.0975159368314
1268,0.0351196501024
1269,-0.201228277046
1270,0.0586540810597
1271,-0.19388408713
1272,-0.1065663294
1273,-0.198316398038
1274,0.149267999533
1275,-0.110762966205
1276,-0.075027082903
1277,0.342340597105
1278,-0.239014518508
1279,-0.0587011047679
1280,0.368427563262
1281,0.0621720220955
1282,0.13283863779
1283,-0.26867422627
1284,0.304348227718
1285,-0.130184372261
1286,-0.0520483681207
1287,-0.225095373731
1288,0.0124912527507
1289,0.00328391757507
1290,-0.422663494594
1291,0.150539533976
1292,0.282512034078
1293,0.085863326868
1294,-0.302069579177
1295,-0.0255519509046
1296,0.280684374162
1297,-0.12712271757
1298,-0.0531869939286
1299,0.131616079095
1300,-0.0602724054185
1301,-0.0656141241767
1302,-0.18160394443
1303,0.240928024069
1304,-0.222708897185
1305,-0.397132989549
1306,-0.301352822649
1307,-0.19515112896
1308,-0.0113465444474
1309,-0.219827725587
1310,0.159004587476
1311,-0.0798322684833
1312,0.0993816213389
1313,-0.109779126431
1314,-0.175513133753
1315,0.421994636423
1316,-0.0314801875203
1317,-0.363609010255
1318,-0.0820874559004
1319,-0.0741207771397
1320,-0.141821499103
1321,-0.158638653582
1322,-0.0211075509516
1323,0.194942299577
1324,-0.216105181829
1325,-0.00561818834792
1326,0.0852541346365
1327,-0.331709007364
1328,-0.0551127575912
1329,-0.010585865796
1330,0.220890446962
1331,0.15422599927
1332,0.22057781247
1333,-0.0385714179318
1334,0.303479191053
1335,-0.0975510304988
1336,0.131270025422
1337,0.303858493198
1338,-0.0300167169786
1339,-0.153336611548
1340,0.0282661847161
1341,0.0690825398935
1342,-0.0721761224664
1343,-0.114378482809
1344,-0.232693307787
1345,-0.10239268962
1346,0.273593844713
1347,0.0605582202534
1348,-0.123084116797
1349,-0.161892831773
1350,0.233407460601
1351,0.209382934868
1352,0.0546715054159
1353,-0.16836433547
1354,0.0549671953937
1355,0.176608068255
1356,0.0732001761004
1357,-0.200008085677
1358,-0.131837628036
1359,0.142155736828
1360,-0.00189123210929
1361,0.208251495603
1362,-0.118802327748
1363,0.20357965896
1364,0.0366600324578
1365,-0.0854784152315
1366,0.230514751434
1367,-0.0278520665337
1368,-0.0551102847295
1369,0.106379479362
1370,0.26970828648
1371,0.107788223646
1372,0.00588170527585
1373,0.140040861609
1374,0.0710419740574
1375,0.32261392553
1376,-0.040235338313
1377,-0.00594653123203
1378,0.275368686681
1379,-0.178674088873
1380,0.311930359951
1381,-0.220900672077
1382,0.195992327784
1383,-0.058940918815
1384,0.233567096518
1385,-0.285102366659
1386,-0.433012183224
1387,-0.25322972136
1388,0.166467236502
1389,-0.175411404233
1390,-0.279821708503
1391,-0.10704892838
1392,-0.0205318268175
1393,0.295579788868
1394,-0.165162533099
1395,-0.0847422691076
1396,-0.232755879018
1397,-0.132904875259
1398,-0.115593540169
1399,-0.0755745046347
1400,-0.172718620451
1401,-0.0363066871248
1402,0.145507361105
1403,-0.0409216272832
1404,0.220486233936
1405,0.0899838947142
1406,-0.0828154175213
1407,0.169273611559
1408,0.111242466745
1409,-0.105825067561
1410,0.169226643498
1411,-0.219060773163
1412,0.165651278013
1413,-0.150816735943
1414,-0.0800166937688
1415,-0.297257167267
1416,0.156906663228
1417,-0.163101557633
1418,0.149672719106
1419,0.0610154290681
1420,0.251439348459
1421,-0.0807246900086
1422,0.0559517869494
1423,0.0160587368463
1424,-0.329143722322
1425,0.242285739016
1426,-0.0760255755447
1427,-0.281323646405
1428,-0.0492666186151
1429,-0.286659874914
1430,-0.0722370475346
1431,0.104636332925
1432,0.0487798624731
1433,-0.2009162221
1434,-0.266007719379
1435,0.220063630911
1436,0.260580100245
1437,0.0983862645382
1438,-0.312840145354
1439,-0.288167252625
1440,-0.0199025002696
1441,0.220745434446
1442,-0.0950557491572
1443,-0.335740208908
1444,-0.0395578868797
1445,-0.0314801875203
1446,-0.331210392795
1447,-0.203987421069
1448,0.23326254846
1449,-0.0224541315464
1450,-0.054115208567
1451,-0.351595974204
1452,0.18777217273
1453,0.302233846334
1454,-0.0155412559697
1455,0.220722720001
1456,0.166757964226
1457,0.236304241842
1458,-0.0600262963529
1459,0.144410861795
1460,0.100912035084
1461,-0.110732117872
1462,0.217795942475
1463,-0.229681196176
1464,0.102206852879
1465,0.270483920208
1466,-0.282743392307
1467,-0.00806419676056
1468,-0.142901623162
1469,0.192123198801
1470,0.0887890362454
1471,0.0973520405497
1472,-0.245251707379
1473,-0.386374651317
1474,-0.203319692229
1475,0.0409787393025
1476,-0.0526129333318
1477,-0.0697787943096
1478,0.326439534139
1479,-0.0535084676039
1480,-0.0112262439849
1481,-0.154000688163
1482,0.130639606847
1483,0.189026316783
1484,0.0777414054483
1485,-0.0534279886143
1486,0.348900176038
1487,0.182965339244
1488,-0.275279369829
1489,-0.196971202534
1490,-0.244068745733
1491,0.327165967804
1492,0.146725827843
1493,-0.0140014372233
1494,-0.0637050316156
1495,-0.156772408826
1496,0.145009725051
1497,-0.101882598416
1498,0.0385573819608
1499,-0.171122445617
1500,0.0987396196453
1501,0.325569641473
1502,0.28504447233
1503,0.0860913703136
1504,-0.271194168742
1505,-0.327919157126
1506,0.043570912041
1507,-0.0709244467339
1508,-0.141610511498
1509,0.133503991184
1510,-0.11515962158
1511,0.2672651648
1512,0.221547877852
1513,0.405825090788
1514,0.176808125202
1515,0.221781787544
1516,-0.0394251676153
1517,-0.291876622944
1518,-0.0134879386427
1519,0.305548999409
1520,0.0265142923391
1521,-0.236074335751
1522,0.199812900907
1523,-0.0164632374199
1524,-0.0907687999403
1525,-0.123990691284
1526,-0.249931862765
1527,-0.00363870714076
1528,-0.0596352059871
1529,-0.0388914784632
1530,0.0762427435177
1531,0.0338171631774
1532,-0.232109672782
1533,0.341033833927
1534,-0.0546666106424
1535,0.10147619408
1536,-0.0466302734697
1537,0.121756764728
1538,-0.2692205106
1539,0.225583920756
1540,0.209380233956
1541,0.0617298053571
1542,0.0438082005016
1543,0.222009349963
1544,0.110065557475
1545,0.055595846982
1546,-0.0960621831691
1547,0.188067540938
1548,-0.317928121296
1549,0.117796495265
1550,-0.0844282128246
1551,-0.10603347842
1552,-0.175883860426
1553,-0.0733761065783
1554,-0.268303629835
1555,-0.360123214503
1556,-0.0588208071963
1557,0.170399294232
1558,0.414194925286
1559,0.204659851357
1560,-0.228002714032
1561,0.117579903799
1562,0.188704148625
1563,0.0985557568494
1564,-0.338507383638
1565,-0.138090690838
1566,-0.138752368176
1567,0.0701641380067
1568,0.195580452403
1569,0.203246497695
1570,0.162546399442
1571,0.202806632242
1572,-0.253929820424
1573,0.159447219521
1574,-0.132223689623
1575,-0.23546940993
1576,0.157031143946
1577,-0.0959253604271
1578,0.376599490125
1579,0.0809994666374
1580,0.162238705129
1581,0.121888427971
1582,0.279992127168
1583,0.168736052314
1584,-0.344203096296
1585,-0.133958112177
1586,-0.348810858365
1587,-0.0548904533091
1588,-0.297815040668
1589,0.0690435837915
1590,-0.146588102758
1591,-0.312478283453
1592,-0.14873599496
1593,0.204339569299
1594,0.187381978388
1595,-0.0529545691149
1596,-0.310404404839
1597,-0.0156449702266
1598,-0.32548549298
1599,-0.125490182469
1600,0.138804679714
1601,-0.0358580009903
1602,-0.343319978476
1603,-0.318320091958
1604,-0.043806388013
1605,-0.133528535538
1606,-0.196451827564
1607,-0.0370305858976
1608,-0.444383723354
1609,-0.0668547374734
1610,-0.135446491845
1611,0.0995706423316
1612,0.129638153445
1613,-0.080222757404
1614,-0.14745685226
1615,0.225743991595
1616,-0.325251642172
1617,-0.232915656913
1618,-0.0800017486639
1619,-0.402970358523
1620,-0.0615884132751
1621,-0.179016108971
1622,0.0547499042719
1623,-0.296634564204
1624,-0.335155829737
1625,0.287923039007
1626,-0.0395578868797
1627,0.271661782379
1628,0.285797197697
1629,0.235358616564
1630,-0.157118279252
1631,-0.0841404951877
1632,0.0334020019101
1633,-0.212504446893
1634,0.172686004807
1635,0.0479501131821
1636,0.24395897363
1637,0.01256311071
1638,0.09236779102
1639,-0.119705119541
1640,-0.160683013808
1641,-0.244969509358
1642,-0.367526284514
1643,0.303187560626
1644,0.236289384405
1645,-0.326345984917
1646,-0.230846118224
1647,0.117798476074
1648,0.275356483146
1649,-0.00679816422877
1650,-0.150381851313
1651,0.207700061301
1652,-0.0840739864594
1653,0.212014946992
1654,0.136467915842
1655,-0.0389536539842
1656,-0.255944388617
1657,0.230907291299
1658,-0.0814306865912
1659,0.160317594789
1660,-0.458755138521
1661,-0.27684091001
1662,0.299793434467
1663,0.220850656839
1664,0.158618637412
1665,0.176404367625
1666,-0.16269386265
1667,-0.0504390655634
1668,0.0770363112643
1669,0.140416039884
1670,-0.0762160390846
1671,-0.231096593079
1672,-0.0392303750412
1673,-0.122075642895
1674,-0.0448733455771
1675,-0.419755606809
1676,-0.0221907328348
1677,-0.000244795758392
1678,0.223736926835
1679,0.106407176356
1680,-0.0342054162653
1681,-0.414940216281
1682,-0.281073505087
1683,-0.183876433964
1684,0.0325474943341
1685,0.279721001598
1686,0.222874290888
1687,0.245231771951
1688,4.92227376945e-05
1689,-0.143750915224
1690,-0.0448452007109
1691,-0.197172730273
1692,0.302483081096
1693,0.407780057125
1694,0.0239057718579
1695,0.0127984944863
1696,-0.250701233761
1697,-0.0940584011582
1698,-0.153893650875
1699,0.0317014512563
1700,0.25091638885
1701,0.0150807672156
1702,0.0240174044931
1703,-0.317740209739
1704,0.137844330796
1705,-0.157869860852
1706,0.135757993747
1707,0.18007068378
1708,-0.354551189071
1709,-0.132572506658
1710,0.148217701701
1711,-0.275827745246
1712,-0.160886614465
1713,-0.213045799379
1714,0.342664327266
1715,-0.0282236170585
1716,0.277071533558
1717,-0.141168625039
1718,0.0997422257962
1719,-0.229505598813
1720,-0.260900219845
1721,-0.364990977735
1722,-0.147479779474
1723,0.335401937556
1724,-0.197987439865
1725,-0.25563439646
1726,-0.26753882299
1727,-0.113324822814
1728,-0.0281545793101
1729,-0.276439259215
1730,0.232654376464
1731,-0.0473119461699
1732,0.081784485265
1733,-0.0235650518953
1734,-0.120640801701
1735,-0.281234296887
1736,-0.221908612199
1737,-0.189199789473
1738,-0.020609528258
1739,0.0559517869494
1740,0.193265865222
1741,0.223633258405
1742,0.128092404492
1743,-0.149297265657
1744,0.171498886825
1745,0.0704352044897
1746,0.292308089789
1747,-0.216105072167
1748,0.182287200593
1749,0.40309563057
1750,0.0693319122257
1751,0.252648754341
1752,-0.255005671705
1753,0.182192835631
1754,0.0707915718285
1755,-0.306362973959
1756,0.279413295376
1757,-0.115593540169
1758,-0.294448298039
1759,0.0676205231572
1760,-0.00481130183486
1761,0.0953507047225
1762,0.15165706671
1763,0.0745778196016
1764,0.211101422509
1765,-0.158047202375
1766,0.238057542931
1767,0.196161420293
1768,-0.0933497815425
1769,0.0661071343807
1770,-0.187418836485
1771,-0.0455109286561
1772,0.170292505635
1773,0.190281147568
1774,0.0914839924012
1775,0.103214187653
1776,0.0477605228659
1777,-0.238164732114
1778,0.21970732483
1779,0.190426827078
1780,0.218815696676
1781,0.110985789017
1782,-0.213240302374
1783,-0.129624836819
1784,-0.0384892785177
1785,0.0724918447774
1786,-0.0720904388111
1787,0.124902548341
1788,0.0229690165972
1789,-0.104477281094
1790,0.113729610916
1791,-0.230459960638
1792,-0.0970480170171
1793,-0.153818867554
1794,-0.325393384543
1795,-0.140028542088
1796,0.133359644258
1797,-0.0218012688968
1798,-0.187597413843
1799,-0.434722103455
1800,0.193847872834
1801,0.0312451616543
1802,0.0805505376126
1803,-0.0791056958828
1804,0.132655137892
1805,-0.337585615764
1806,-0.0670317757098
1807,0.136091764553
1808,0.126626655024
1809,0.282602897425
1810,-0.370007534511
1811,-0.0810152342271
1812,0.228621642906
1813,0.102530168941
1814,-0.118197287874
1815,-0.1813144005
1816,0.0140269324673
1817,-0.197308898182
1818,0.259083656904
1819,-0.175662689997
1820,-0.364682349954
1821,-0.386476220925
1822,0.223265073946
1823,-0.0591864590988
1824,-0.35322936407
1825,0.130194573358
1826,-0.0515320014673
1827,0.209543748636
1828,0.184625959621
1829,-0.284012670483
1830,0.220255448476
1831,0.0367805853774
1832,-0.22325858791
1833,-0.176996908786
1834,0.146133217277
1835,-0.0326852023356
1836,-0.293568662885
1837,0.0641215222781
1838,-0.109915428779
1839,-0.259396459559
1840,-0.192699576615
1841,0.0886185943921
1842,-0.0349124510865
1843,-0.304110757407
1844,0.148350353684
1845,-0.128498441771
1846,-0.207640374815
1847,0.146304483103
1848,-0.278153248636
1849,-0.152940621905
1850,0.153548657178
1851,0.00117899782888
1852,0.0831999545313
1853,0.213679663887
1854,0.0104507090293
1855,0.0778660945284
1856,0.128542051645
1857,0.275454330027
1858,0.351862414801
1859,0.0699185426662
1860,-0.179096086613
1861,0.0768687613629
1862,0.24485523854
1863,-0.0213651719931
1864,0.280069410575
1865,0.237408625028
1866,0.107395014635
1867,0.250345864853
1868,-0.114396575778
1869,-0.0104615085345
1870,0.356540427331
1871,-0.144326088116
1872,-0.233127133809
1873,0.208004602557
1874,-0.324138832809
1875,-0.101396922571
1876,0.163575751286
1877,-0.124584773783
1878,-0.0467522817507
1879,0.118092096576
1880,0.210947010918
1881,0.020547073443
1882,-0.0466665563881
1883,-0.0304778959314
1884,0.187194933889
1885,-0.151396707929
1886,-0.123835096426
1887,0.272287467752
1888,-0.109886353228
1889,-0.0665388539909
1890,-0.103275221869
1891,0.229071556532
1892,-0.0190746666933
1893,-0.207160838256
1894,0.159875036132
1895,-0.187713711275
1896,-0.322463543909
1897,-0.299550942079
1898,-0.20825217141
1899,-0.0807328476908
1900,-0.205729189934
1901,0.113137356131
1902,-0.128524537911
1903,0.0398422303337
1904,-0.0307662123639
1905,-0.0641654965798
1906,0.0367805853774
1907,0.141948254669
1908,-0.00623241457761
1909,-0.174592624038
1910,0.0127239798984
1911,0.0416242670024
1912,-0.406874945404
1913,0.220847732906
1914,-0.00412628391273
1915,-0.360456812642
1916,-0.413393002539
1917,-0.0553810348046
1918,-0.282145051229
1919,0.069609784557
1920,-0.0911161224572
1921,-0.317187772361
1922,0.111320004715
1923,-0.212962347198
1924,-0.0465940311149
1925,0.195450378846
1926,-0.108210526854
1927,-0.161138528436
1928,0.00191129070677
1929,0.0773796877695
1930,0.0113580922687
1931,-0.0229367578874
1932,0.168061279243
1933,0.0349468634424
1934,0.24766870757
1935,-0.12768627616
1936,-0.0262304239924
1937,-0.337990604145
1938,0.213913452816
1939,0.183522688006
1940,0.108286534777
1941,-0.157184856371
1942,-0.134435291507
1943,-0.204498529202
1944,-0.165733698582
1945,-0.286542994097
1946,-0.183167535219
1947,0.144209901349
1948,-0.0122697498415
1949,0.0223013862147
1950,-0.0448670977582
1951,-0.236377111122
1952,0.305496610199
1953,-0.27049094667
1954,0.245034854351
1955,-0.142901623162
1956,-0.174429379143
1957,-0.144413127222
1958,0.0612782201057
1959,0.0640589352472
1960,-0.0955067335994
1961,0.160243348738
1962,-0.248392568813
1963,0.0503687427169
1964,0.135609420147
1965,0.181434002226
1966,0.0654588875271
1967,-0.15639490142
1968,0.285010405024
1969,-0.140867658568
1970,0.20237135661
1971,-0.233365821487
1972,0.0214877737963
1973,0.374956366669
1974,0.214057919214
1975,-0.302011108449
1976,-0.0581589374023
1977,0.250996212502
1978,0.0809550370197
1979,-0.338010933842
1980,0.032142702583
1981,-0.130032223909
1982,0.304883323024
1983,-0.220643608343
1984,0.00664943054311
1985,-0.00350930134929
1986,-0.0471734714576
1987,0.243078083307
1988,0.247094844157
1989,-0.107401645954
1990,0.207010050768
1991,0.194832633607
1992,-0.288448745821
1993,0.0367135540823
1994,-0.277859370064
1995,-0.116818654661
1996,-0.196971202534
1997,0.0420873115413
1998,-0.0579402559504
1999,-0.258379657301
2000,-0.259874196307
2001,0.190299215397
2002,0.0217049063516
2003,0.171757277113
2004,-0.0562120906062
2005,0.350839447358
2006,0.213616759808
2007,0.102802240258
2008,-0.291193480855
2009,-0.106443217652
2010,-0.0300102172277
2011,0.300412583546
2012,0.096479199594
2013,-0.0747658587994
2014,-0.0650390662602
2015,-0.208518727663
2016,-0.336036075946
2017,0.22631053158
2018,-0.330261553959
2019,0.113589456436
2020,-0.209651364921
2021,-0.16086817305
2022,0.123167848081
2023,0.11815630356
2024,0.014541612358
2025,0.0919925425069
2026,-0.294970023577
2027,-0.0302328218438
2028,0.192241194369
2029,0.178074857018
2030,-0.0340218517215
2031,0.0666630643641
2032,0.1903255592
2033,0.111416235585
2034,-0.0892545521254
2035,0.196990449471
2036,-0.0444495976837
2037,0.169273611559
2038,0.101607289749
2039,0.0623200522965
2040,-0.0766296177467
2041,-0.0588225819383
2042,-0.0786854946474
2043,0.205661151576
2044,0.082967645351
2045,-0.0921699595654
2046,-0.234595598959
2047,0.299619641535
2048,-0.154517478573
2049,-0.17169418841
2050,-0.330456418791
2051,-0.113774874439
2052,-0.254613506269
2053,0.275845081323
2054,0.297241917397
2055,0.187438438931
2056,-0.333464987939
2057,0.0467565988129
2058,0.118496355446
2059,-0.0785480497557
2060,0.115692841143
2061,0.185064121227
2062,-0.195802252016
2063,-0.0316034075137
2064,-0.123329817627
2065,-0.1354051104
2066,0.00647934323567
2067,-0.172161698474
2068,-0.087401727401
2069,0.256214322815
2070,0.148639583204
2071,-0.164011040044
2072,-0.261839461128
2073,-0.332864550628
2074,0.324270238067
2075,-0.218445694302
2076,-0.278493865235
2077,0.48619722935
2078,0.274837350804
2079,0.0754682824248
2080,-0.266137272523
2081,-0.137691535236
2082,0.0733842830252
2083,0.177495232484
2084,-0.154614965347
2085,-0.343679458035
2086,-0.0220515541619
2087,0.00664831644583
2088,-0.0270859997269
2089,0.0998080002296
2090,0.170093342226
2091,0.0604889906693
2092,0.101494049836
2093,-0.235178164129
2094,0.277756587785
2095,0.0023253428745
2096,0.0453822740805
2097,-0.0511717291823
2098,-0.11004818218
2099,-0.407269920986
2100,0.12565272839
2101,-0.34377294133
2102,-0.0332830343878
2103,0.102607690234
2104,0.234052359242
2105,-0.00821381784663
2106,0.125811550576
2107,-0.245020182998
2108,0.243256896854
2109,0.191385901723
2110,-0.0339520691112
2111,0.0944996781772
2112,0.140941821298
2113,-0.0973251198661
2114,-0.335583301499
2115,-0.354551189071
2116,-0.0444495976837
2117,0.182206179821
2118,-0.114378482809
2119,-0.377400113981
2120,-0.0969505256694
2121,0.175119961214
2122,0.0124912527507
2123,0.20464985734
2124,0.0519729543599
2125,0.0582023460758
2126,0.194893035566
2127,0.25450158851
2128,0.156447466778
2129,0.13164492747
2130,-0.0587933882663
2131,-0.238121544416
2132,-0.102674539248
2133,-0.0529524990158
2134,-0.0499400633686
2135,-0.0121207863226
2136,0.158350009291
2137,-0.0256902186197
2138,-0.131773696563
2139,0.203949024626
2140,0.295429086522
2141,-0.194419896879
2142,-0.136656070226
2143,-0.354948398763
2144,0.182165138612
2145,-0.188260416429
2146,-0.177844229743
2147,-0.0393402429063
2148,-0.243181073322
2149,-0.00378007909715
2150,-0.296921478915
2151,-0.180782397517
2152,-0.0868034625606
2153,0.222020013211
2154,-0.311250480949
2155,-0.293209715068
2156,0.04133141583
2157,-0.159324530877
2158,-0.0358118061267
2159,0.302585508459
2160,-0.0377219360669
2161,0.145784794581
2162,-0.105436180515
2163,0.382738367697
2164,0.048524728615
2165,-0.0464660498877
2166,0.0381937782107
2167,0.116096772045
2168,-0.271354467399
2169,-0.140188254765
2170,-0.0785347690039
2171,0.221781787544
2172,-0.0598700470414
2173,-0.254029920728
2174,-0.0831645906814
2175,0.181463257235
2176,-0.0890696828707
2177,0.290349440169
2178,0.160815603871
2179,-0.224790446451
2180,0.27668270215
2181,0.379255893883
2182,0.28269772714
2183,-0.0194381000495
2184,-0.188987879901
2185,0.244405391772
2186,0.0234481610138
2187,0.268777388073
2188,-0.159775976659
2189,-0.156995491127
2190,-0.43799186897
2191,-0.142014948109
2192,0.145597349498
2193,-0.0936306230522
2194,0.187496385637
2195,-0.154876974902
2196,-0.314252402391
2197,-0.142617914238
2198,0.138497044013
2199,-0.118355141876
2200,-0.239110579265
2201,-0.482719103059
2202,-0.140205490565
2203,0.122419517422
2204,-0.112618117321
2205,0.167691310749
2206,0.0622088793363
2207,-0.0755745046347
2208,-0.0130558150599
2209,-0.316054125627
2210,-0.174429379143
2211,0.00489675751464
2212,-0.299551563783
2213,0.0873545860885
2214,-0.00267653118341
2215,-0.212985996648
2216,-0.24488958395
2217,-0.0499547750322
2218,-0.167398278474
2219,0.129918749892
2220,0.0321075552697
2221,0.196529604437
2222,-0.0719254892667
2223,-0.0558517770543
2224,0.207326956673
2225,0.288668839305
2226,0.161461107424
2227,0.19509575491
2228,-0.31661611794
2229,-0.219974161819
2230,-0.245525674114
2231,0.166669250324
2232,-0.145653399847
2233,-0.0998076677048
2234,0.106973304552
2235,-0.0670527621314
2236,0.25591718236
2237,-0.109708381034
2238,-0.0337104822654
2239,-0.327360643023
2240,0.291125840167
2241,-0.158799513876
2242,0.137204457298
2243,0.314397399554
2244,-0.0567521517493
2245,-0.231164578578
2246,-0.0935813968432
2247,0.00189239156032
2248,-0.324220929604
2249,-0.227576555863
2250,0.119255329258
2251,-0.0448700100775
2252,-0.105962618304
2253,-0.288513669186
2254,-0.197522801006
2255,0.22953937202
2256,-0.104586799877
2257,-0.397702391136
2258,0.0906390399926
2259,-0.201182561154
2260,0.0889193593578
2261,-0.113597016792
2262,-0.0633589764883
2263,-0.0906822996831
2264,-0.10487390306
2265,0.0399489090637
2266,0.279600178038
2267,-0.0389656977698
2268,-0.151513074693
2269,0.2376188275
2270,0.0392214522982
2271,0.0106747941902
2272,-0.0356278008572
2273,-0.0854637754349
2274,-0.287266243954
2275,-0.0585591314505
2276,0.255913559817
2277,-0.103779858017
2278,-0.284980765074
2279,-0.362814017416
2280,0.346079761606
2281,0.280367412823
2282,-0.127478514815
2283,0.233884565199
2284,0.156478749387
2285,-0.000231565711791
2286,0.00230339392869
2287,0.0850094471315
2288,-0.297099750381
2289,0.221549944424
2290,0.300616677811
2291,0.198477869979
2292,-0.371154914954
2293,0.209512094152
2294,0.295393812386
2295,-0.0138353361231
2296,-0.0741162135452
2297,0.152750440426
2298,0.0736231206487
2299,-0.129824069674
2300,0.244094542963
2301,-0.34757667721
2302,-0.245499423524
2303,-0.299259268804
2304,-0.118699217864
2305,0.157897460434
2306,0.106669755863
2307,0.305280396614
2308,-0.00277005085038
2309,0.109996101093
2310,-0.00634213721231
2311,-0.0676346961263
2312,-0.0891070744307
2313,-0.0883165103651
2314,0.161582467596
2315,0.11112657753
2316,0.0642461144983
2317,0.219092853763
2318,-0.15639490142
2319,0.0490916245944
2320,0.0743947696034
2321,0.200714969178
2322,-0.0240202656115
2323,0.0883087146954
2324,0.333832885415
2325,0.186096040269
2326,-0.0270959694823
2327,0.086333772577
2328,0.176851131968
2329,0.301076001239
2330,0.050429763391
2331,0.233814266954
2332,-0.00561574895959
2333,0.0265142923391
2334,-0.205140705807
2335,-0.00285263233758
2336,0.223122014219
2337,-0.322664490029
2338,0.0164850681738
2339,-0.233151487117
2340,0.206019426085
2341,0.187119593163
2342,-0.0146329103576
2343,0.120021094043
2344,0.104788341061
2345,-0.0784681329524
2346,0.292766762889
2347,0.00576294447241
2348,0.124000376439
2349,0.112498529188
2350,-0.12263599512
2351,0.131798956469
2352,-0.190589792967
2353,0.196873663501
2354,0.0215478574155
2355,0.127971207093
2356,0.174029252169
2357,0.102077049268
2358,0.315581685131
2359,0.235124941968
2360,-0.0790456549938
2361,0.199432076973
2362,0.114682935164
2363,0.261975028298
2364,0.128598565068
2365,-0.11045513165
2366,-0.302292399206
2367,-0.0791379291239
2368,0.29226673166
2369,-0.209066885629
2370,0.00122881079464
2371,-0.0602745818448
2372,-0.053444063079
2373,0.229910304389
2374,-0.34150989398
2375,-0.176268867146
2376,0.0322701028246
2377,0.279502094169
2378,0.116725227349
2379,-0.120174078846
2380,-0.158591431536
2381,0.231002305544
2382,-0.0890553506484
2383,0.309586627365
2384,-0.0539183467193
2385,-0.0623087788627
2386,0.134083847541
2387,-0.0726154512201
2388,-0.121106491634
2389,-0.0641654965798
2390,0.177162581039
2391,-0.0336503891726
2392,-0.114540348378
2393,0.365850315534
2394,-0.416270032328
2395,0.157665353974
2396,-0.373076827195
2397,0.115384886612
2398,0.0554496249657
2399,0.0473285374591
2400,0.374449442587
2401,-0.110018017376
2402,0.267941322574
2403,-0.024314003491
2404,-0.130743147405
2405,-0.377603167231
2406,0.0871378356087
2407,-0.415663508886
2408,-0.123658291199
2409,0.234185942801
2410,-0.124692010372
2411,-0.248613892834
2412,-0.325722906304
2413,0.095884607188
2414,-0.389351890647
2415,0.179889467862
2416,0.18651197879
2417,0.357300502897
2418,0.236534808344
2419,-0.20425854654
2420,0.114096850953
2421,-0.0245778800287
2422,-0.135060281184
2423,-0.477671211555
2424,-0.301950408615
2425,0.165299890506
2426,-0.161149722631
2427,-0.0305060212709
2428,0.0842418264814
2429,-0.00964468594705
2430,0.26578652659
2431,0.210943267917
2432,-0.33339497686
2433,0.141170428739
2434,0.199738971981
2435,-0.341794847902
2436,0.189275633776
2437,0.243156284565
2438,0.0747631031206
2439,0.0918733732435
2440,0.305426969598
2441,0.154470098133
2442,-0.00302681946461
2443,-0.25848685696
2444,-0.0789236817189
2445,0.430369601746
2446,-0.209410732001
2447,0.0469875753959
2448,-0.305430968246
2449,-0.2089202345
2450,-0.0178246056615
2451,0.105687581068
2452,-0.208109247938
2453,0.240073485867
2454,0.215171626056
2455,0.299084074834
2456,0.042769793287
2457,0.174038989355
2458,0.00563443912401
2459,0.222490595174
2460,0.0242458268764
2461,0.217406089186
2462,-0.167561324771
2463,-0.00648101922159
2464,-0.157985318447
2465,0.166646230743
2466,-0.306568694276
2467,0.464807425242
2468,0.11877772006
2469,-0.10673468262
2470,-0.414659924629
2471,0.149922613453
2472,0.201448764621
2473,0.246043315896
2474,0.22849593526
2475,0.0675034307011
2476,0.0456401340522
2477,-0.066712272625
2478,-0.120632523463
2479,0.289811478174
2480,0.454392353104
2481,0.056489285077
2482,-0.386197675539
2483,-0.107128453148
2484,0.115692841143
2485,0.176280504769
2486,0.178893364546
2487,0.0569704956974
2488,-0.122142361281
2489,-0.129573476266
2490,0.0495303286584
2491,-0.0279231530932
2492,0.235118401274
2493,-0.1004556965
2494,0.168675084104
2495,0.10222886191
2496,0.0387594277289
2497,0.179693592786
2498,-0.0369153575812
2499,0.185538095467
2500,0.197397498485
2501,0.323974459993
2502,-0.184797953301
2503,-0.110762966205
2504,0.374202949929
2505,-0.304109720202
2506,-0.122736048397
2507,-0.095599611299
2508,-0.271030978808
2509,0.0928016729827
2510,0.118914580374
2511,0.182396873288
2512,-0.111327599569
2513,-0.0370790112179
2514,0.209884911887
2515,-0.165294930346
2516,0.385103089471
2517,0.0597964576056
2518,0.0945299246946
2519,-0.332600961004
2520,-0.23526044735
2521,-0.0346402553605
2522,-0.138745823196
2523,0.325545001037
2524,0.206221584297
2525,0.0710067111405
2526,-0.25841405886
2527,0.229982106244
2528,0.217245145484
2529,0.100679151513
2530,0.236535664772
2531,-0.0929309421998
2532,-0.127302523301
2533,-0.0841313708409
2534,0.26411301546
2535,0.0777268484758
2536,-0.342409662376
2537,-0.0708977154125
2538,0.239376721485
2539,0.225479030526
2540,0.0597524183934
2541,0.110985789017
2542,0.123987250808
2543,0.0124159371668
2544,0.0558713015425
2545,-0.377983747956
2546,-0.141779490377
2547,0.0730222595189
2548,-0.189161385291
2549,0.198477869979
2550,-0.368341503692
2551,0.325765881294
2552,-0.298728175173
2553,0.28071885134
2554,-0.029852362237
2555,-0.0411369792499
2556,-0.335921588228
2557,-0.0580080785988
2558,-0.044062110589
2559,-0.17200836006
2560,0.330252948331
2561,0.108286534777
2562,-0.268303629835
2563,-0.243336534814
2564,-0.0909314582298
2565,-0.00687592940176
2566,-0.10029472781
2567,0.149394866675
2568,0.0437241355113
2569,0.455187317031
2570,0.054250978923
2571,-0.0492218303225
2572,-0.102819555113
2573,0.192037901982
2574,-0.300680099175
2575,0.182832696173
2576,0.0424103388969
2577,0.0239948976464
2578,-0.075589590624
2579,-0.255574457908
2580,-0.118986959613
2581,0.127187141079
2582,-0.276193596349
2583,-0.188260416429
2584,0.0470098857936
2585,0.0318748865699
2586,0.171958770696
2587,-0.0867306256331
2588,0.23577039267
2589,-0.161130174649
2590,-0.168905005345
2591,-0.292787818128
2592,-0.108282895869
2593,-0.388029677026
2594,0.210668568439
2595,0.242640580462
2596,-0.292821565873
2597,0.0184155311423
2598,0.014843577901
2599,-0.24376453294
2600,-0.0651615890244
2601,0.0872385034591
2602,-0.113444209211
2603,0.330373993569
2604,-0.115634029622
2605,-0.133551219169
2606,0.199873497857
2607,0.320942083654
2608,0.332737040071
2609,-0.0792205442685
2610,0.191907030555
2611,-0.0855904667057
2612,0.302219665103
2613,0.220002563866
2614,0.0203265914336
2615,-0.0176938023614
2616,-0.116098412368
2617,-0.00429118454268
2618,-0.435433672962
2619,0.124977040135
2620,0.0951028512178
2621,0.0508702753635
2622,0.186418472579
2623,0.10790492759
2624,-0.328667852828
2625,-0.198529403855
2626,0.168902726204
2627,0.109477055995
2628,0.181397802032
2629,0.283958976801
2630,0.292771549932
2631,-0.121046948051
2632,-0.326371584533
2633,0.321246924689
2634,0.292848971814
2635,-0.119455739022
2636,-0.244497973116
2637,-0.130004328049
2638,-0.395251520097
2639,0.177536226499
2640,0.165837266019
2641,-0.0437583607216
2642,0.186336963574
2643,-0.240067733423
2644,-0.0801709641396
2645,-0.0420304114397
2646,-0.0679928133852
2647,-0.163110570006
2648,-0.0634424336941
2649,0.0606407508491
2650,-0.151513074693
2651,0.186418472579
2652,0.292766762889
2653,-0.0798023662737
2654,0.183252477202
2655,0.179738871064
2656,0.176315216864
2657,-0.302011108449
2658,0.430369601746
2659,-0.00819662916084
2660,-0.131382205719
2661,-0.235387404992
2662,-0.253968129286
2663,0.0437257184097
2664,-0.236269839657
2665,-0.278943423953
2666,0.196471359551
2667,0.105245743855
2668,0.0297237033677
2669,0.252031693383
2670,0.103551560554
2671,0.000258760408334
2672,-0.354551189071
2673,-0.407941142059
2674,0.23324526737
2675,0.15497884582
2676,-0.196395340608
2677,0.15972306541
2678,-0.329276716361
2679,0.0223826176353
2680,0.200695926936
2681,0.0412860208619
2682,-0.196696504812
2683,-0.248607528895
2684,-0.231067472249
2685,-0.119201018168
2686,0.173164111791
2687,0.202257264412
2688,0.179466697001
2689,-0.285673660747
2690,-0.00930160296623
2691,0.127181133077
2692,-0.123709736177
2693,0.261361471182
2694,0.20065816238
2695,0.21764382032
2696,0.189719783028
2697,0.0207121954644
2698,0.212108439948
2699,-0.0441587820244
2700,0.0352018782508
2701,-0.22831991204
2702,-0.104698773385
2703,0.23448270584
2704,-0.0143420776629
2705,-0.390992773181
2706,0.121730033368
2707,-0.106371040413
2708,0.124841852282
2709,-0.0845415583086
2710,0.0214589335667
2711,-0.134873935659
2712,-0.368119970098
2713,-0.00480511560071
2714,0.291623771448
2715,0.180832245369
2716,0.14744090871
2717,0.260736200402
2718,-0.112287080063
2719,-0.046957457592
2720,-0.193360620432
2721,-0.282330738211
2722,0.0717718580366
2723,0.11305261276
2724,0.106226201152
2725,0.06153135251
2726,0.237988747461
2727,-0.108684006374
2728,0.165253113107
2729,0.234792499122
2730,0.0160014290402
2731,-0.00996759110295
2732,0.0694786162902
2733,0.277745438231
2734,-0.149027393133
2735,0.283969063673
2736,0.0320167995302
2737,0.17782567819
2738,0.00735542483273
2739,-0.15932957317
2740,-0.388747778188
2741,-0.0173685005489
2742,0.152329593421
2743,-0.0702682278922
2744,-0.16195979919
2745,-0.176118709082
2746,-0.0359408673098
2747,-0.0315759118617
2748,0.176258352323
2749,0.0732526587977
2750,-0.361864295179
2751,0.146982886718
2752,-0.221964638612
2753,0.155819099656
2754,-0.134122530314
2755,-0.434548485171
2756,0.200406271679
2757,0.301468334691
2758,-0.382530294029
2759,0.0390716466922
2760,-0.190832192762
2761,-0.129510732987
2762,-0.240972517455
2763,-0.00681332169233
2764,0.156567857246
2765,-0.112125677461
2766,-0.361115682717
2767,-0.287500980578
2768,0.309122129371
2769,0.393173402083
2770,-0.375670639617
2771,0.233118718514
2772,0.0650491755437
2773,0.174249203752
2774,0.271533700747
2775,-0.126798811886
2776,0.225428092475
2777,0.210890328656
2778,-0.377291863998
2779,-0.0145828728249
2780,0.187978682617
2781,-0.239743105052
2782,-0.157531128837
2783,-0.0261350929632
2784,0.0443924611877
2785,-0.330983320674
2786,-0.0201004271143
2787,0.19399445
2788,-0.230301180414
2789,0.319618091482
2790,-0.179382959581
2791,0.21090074116
2792,-0.390122813342
2793,-0.310600087332
2794,-0.199625556674
2795,0.0387327591916
2796,0.207392186975
2797,0.0066748779739
2798,0.0441731102841
2799,0.118496355446
2800,-0.337447493069
2801,0.403184284472
2802,0.269264967473
2803,-0.143396715465
2804,-0.149037136238
2805,0.156878574231
2806,0.243019176737
2807,-0.108134807965
2808,-0.236179400905
2809,-0.162767456589
2810,-0.212264280414
2811,0.223526345294
2812,-0.039856773079
2813,-0.117948358363
2814,-0.0125723850821
2815,-0.0768127952579
2816,-0.295517426425
2817,0.176030261706
2818,0.166268251888
2819,-0.134627679966
2820,-0.165275737165
2821,0.133443021698
2822,-0.201390033915
2823,0.0636105685275
2824,-0.0142174221781
2825,-0.0439187371788
2826,-0.195031250104
2827,0.225135306112
2828,-0.123856942595
2829,-0.23965075083
2830,0.109793052948
2831,-0.2213583571
2832,-0.055552117661
2833,-0.207347854184
2834,-0.11535749004
2835,-0.0466390408907
2836,0.349420991609
2837,-0.136309517531
2838,0.187232651394
2839,-0.232626802351
2840,-0.392952806664
2841,-0.310608033618
2842,0.236289384405
2843,-0.286867728157
2844,0.0124466446647
2845,0.318400497639
2846,-0.0279368907802
2847,-0.13397666596
2848,-0.0164845197408
2849,0.285095845992
2850,0.149325112382
2851,0.147637119045
2852,-0.388747778188
2853,-0.0320686838535
2854,-0.0394581307832
2855,-0.457460341922
2856,0.120393183896
2857,0.297412073668
2858,-0.0502863749297
2859,0.213163151788
2860,0.162374519901
2861,0.207082579439
2862,-0.32538119396
2863,-0.3132851259
2864,0.227974636939
2865,-0.326147884543
2866,0.209382934868
2867,0.100718174783
2868,0.0132753171528
2869,-0.134248905148
2870,0.298563819072
2871,0.141471745616
2872,-0.0364058381847
2873,0.164159911998
2874,0.113945484781
2875,0.195088806177
2876,0.24288926121
2877,0.119457234479
2878,-0.0380044732333
2879,-0.171082112168
2880,0.250615872327
2881,-0.121881002669
2882,-0.0249060698534
2883,-0.182730979602
2884,0.232327693892
2885,-0.25563439646
2886,-0.184363273524
2887,0.0498164073317
2888,0.234531438182
2889,-0.234637701003
2890,0.0706850005093
2891,-0.195791550088
2892,0.122127204759
2893,-0.14844624461
2894,0.0486444961728
2895,-0.273440258548
2896,0.220463445874
2897,0.175678925898
2898,0.126400326676
2899,-0.058719010788
2900,0.0672505423944
2901,0.0829561640034
2902,0.136073003588
2903,0.297370115512
2904,0.332737040071
2905,-0.0642688210015
2906,-0.0523934796319
2907,0.153810115996
2908,-0.00495118140806
2909,0.215171626056
2910,0.068479016807
2911,0.0144599564015
2912,0.240470204649
2913,0.0907484932171
2914,0.267492503442
2915,0.0457512037532
2916,0.33207573332
2917,-0.0508071937709
2918,-0.129192351358
2919,0.167242600588
2920,0.0785211028999
2921,0.211872231167
2922,-0.263925827639
2923,-0.376217784518
2924,0.0717530294663
2925,0.015323320315
2926,0.249048772036
2927,0.0304859594875
2928,0.273205551612
2929,-0.0401502783023
2930,0.176258352323
2931,-0.0986827573941
2932,0.296625629803
2933,0.225866428493
2934,-0.334499717366
2935,-0.280127325725
2936,0.205773820551
2937,-0.188386772676
2938,-0.0516067445883
2939,-0.135869772377
2940,0.206761463145
2941,-0.0485094431906
2942,0.157903663287
2943,-0.3214869871
2944,-0.0490939329493
2945,-0.0928937244875
2946,0.0886740452368
2947,-0.132385592684
2948,-0.38589351664
2949,0.0800981759323
2950,-0.370748419457
2951,-0.0498064857408
2952,0.082827467014
2953,0.200636310186
2954,-0.139340450861
2955,0.133886561527
2956,0.159791209005
2957,-0.13391038119
2958,-0.326685010331
2959,0.148954754762
2960,-0.0787613123829
2961,0.178654400824
2962,-0.311343317752
2963,-0.0533557253143
2964,0.264721781815
2965,0.284161968772
2966,0.310387489703
2967,0.12628411105
2968,-0.094684550256
2969,0.197129922716
2970,-0.441318791539
2971,0.223773726581
2972,0.171123316525
2973,-0.107105562971
2974,0.18806109572
2975,-0.095791300319
2976,0.20135502448
2977,-0.169265563183
2978,-0.371248510519
2979,0.185767113736
2980,-0.0129404632172
2981,0.262072456256
2982,-0.348720460018
2983,0.23581191829
2984,-0.243822846195
2985,0.226183901238
2986,0.191052366755
2987,0.192183463078
2988,0.186123951151
2989,-0.383286212285
2990,-0.133618071317
2991,-0.143619014299
2992,0.233228497262
2993,-0.116659519382
2994,0.0282576055631
2995,0.0939205487136
2996,0.0289933264264
2997,-0.333819952953
2998,0.2514411596
2999,-0.0937156291538
3000,-0.258436571357
3001,0.184612300419
3002,-0.241696368514
3003,-0.0451373829749
3004,-0.0050922903395
3005,0.0853044083195
3006,0.290038448278
3007,0.16663807647
3008,0.21140812363
3009,-0.437248202352
3010,-0.24339100455
3011,-0.00686736557809
3012,0.0517576795697
3013,-0.233010123411
3014,0.24390948224
3015,0.330093370343
3016,-0.382083950708
3017,0.0563134988128
3018,-0.0710744452751
3019,-0.250035703292
3020,0.0860913703136
3021,-0.0855220809983
3022,0.225337806574
3023,-0.331642932914
3024,0.261036969068
3025,0.0419985221771
3026,0.152266802698
3027,0.124000376439
3028,-0.375494782002
3029,-0.261479529457
3030,0.234172798672
3031,-0.00859514165854
3032,0.330190144811
3033,-0.0887062623183
3034,-0.108498444266
3035,-0.0443805884612
3036,-0.203516322654
3037,0.236534808344
3038,0.152993997218
3039,0.469269745529
3040,0.000118291943313
3041,-0.0707543409477
3042,-0.0516856414214
3043,-0.110456717463
3044,0.232809093455
3045,-0.271471797521
3046,0.0871780509713
3047,0.0752988132422
3048,-0.313129934428
3049,-0.268825909238
3050,-0.123869544107
3051,-0.0486808867587
3052,-0.199286475409
3053,0.0488574410779
3054,0.114136280493
3055,0.0904392794155
3056,-0.134765882138
3057,-0.0752404169766
3058,-0.0154790455138
3059,-0.36606811249
3060,-0.197408600458
3061,0.207392186975
3062,0.0201271503451
3063,-0.151037243525
3064,0.069609784557
3065,-0.148682416703
3066,-0.111301794405
3067,0.0495553945551
3068,0.0972153313271
3069,0.195265509753
3070,-0.145660739701
3071,-0.273046681798
3072,0.0277511923913
3073,-0.205426071572
3074,-0.124355979581
3075,0.176280504769
3076,0.0733842830252
3077,0.152903041039
3078,-0.296851970914
3079,0.169662675549
3080,0.395893906409
3081,0.128659236412
3082,0.0290167523513
3083,-0.0751563974468
3084,0.265356386045
3085,0.106544164598
3086,-0.318364007157
3087,-0.182275946873
3088,-0.124939594266
3089,-0.333076570313
3090,0.129962975362
3091,-0.0961862948121
3092,0.0268463223434
3093,0.157615360443
3094,0.0565355405205
3095,0.0420928650705
3096,-0.3314382529
3097,-0.305513519667
3098,0.0842844033753
3099,0.00982353171791
3100,-0.245280688408
3101,0.0699763166265
3102,0.165405153678
3103,-0.284756703946
3104,-0.177250356168
3105,-0.0857705271356
3106,0.0455321671551
3107,0.312428277825
3108,-0.336588541998
3109,0.279545847631
3110,-0.158379894905
3111,0.261131902858
3112,0.171580934062
3113,-0.077965082396
3114,0.307147137373
3115,0.217893423235
3116,0.192613779153
3117,-0.0780727761037
3118,-0.255562588608
3119,-0.153451782904
3120,0.0347885291516
3121,0.0708412345343
3122,0.161143294013
3123,0.0945571583369
3124,0.267029758766
3125,0.103959672478
3126,-0.259301671749
3127,-0.254842653543
3128,-0.360718525231
3129,0.29527633433
3130,0.237566114118
3131,-0.0629934540825
3132,0.0422370069853
3133,-0.444133131279
3134,0.326141482382
3135,0.309689699727
3136,-0.153411479849
3137,0.190999239404
3138,-0.258813418042
3139,0.309606719821
3140,-0.366431235537
3141,-0.0180148709834
3142,0.430369601746
3143,0.260581566503
3144,0.134782378717
3145,-0.336036075946
3146,0.270784557762
3147,-0.280299162514
3148,-0.0828170190638
3149,-0.0456308780163
3150,-0.0982046673614
3151,-0.132238142162
3152,-0.108983358185
3153,0.0511357561725
3154,-0.0295856872013
3155,0.214933692999
3156,0.260911738349
3157,0.325569641473
3158,0.308340580435
3159,-0.146607092482
3160,0.0398695974906
3161,0.0331299059094
3162,0.285674719964
3163,-0.30217211968
3164,-0.0745989615283
3165,0.167149394598
3166,0.214933692999
3167,0.253767371449
3168,-0.130032359429
3169,0.0816067751936
3170,-0.0474888397531
3171,0.173103139786
3172,0.00879939875301
3173,0.218664805686
3174,0.2857509756
3175,-0.0666599054701
3176,0.00685238104839
3177,-0.183853043073
3178,-0.268064525441
3179,0.114944368651
3180,0.26653787671
3181,-0.405701086382
3182,0.272660643823
3183,-0.227532357888
3184,0.309613047764
3185,0.233884565199
3186,0.0652055280923
3187,0.226257561922
3188,-0.136590161507
3189,0.264103724306
3190,-0.140314766463
3191,0.229742998137
3192,-0.0270098134245
3193,0.171935174159
3194,-0.276976701906
3195,0.0827124744782
3196,-0.135563553951
3197,-0.0874017006712
3198,-0.206061172852
3199,-0.264978192386
3200,-0.412926495928
3201,-0.17109731521
3202,0.141108690291
3203,0.0386898043042
3204,-0.204864236792
3205,-0.0422844666112
3206,-0.193218040842
3207,-0.0675213572228
3208,0.341532795733
3209,-0.104496788184
3210,-0.22968212426
3211,-0.369822700285
3212,0.300100592408
3213,-0.36546254191
3214,0.0943787588869
3215,-0.325517522632
3216,-0.229120210356
3217,0.163896723672
3218,0.162868367262
3219,-0.0699535112216
3220,-0.283189759366
3221,0.16181200486
3222,-0.296141199279
3223,0.227123647855
3224,-0.0840739864594
3225,-0.0267416887704
3226,-0.198400480088
3227,-0.335607150632
3228,0.372477054446
3229,0.102819729556
3230,0.142809118372
3231,0.157519855759
3232,0.233377088995
3233,-0.332107848424
3234,-0.00487377782105
3235,-0.0686047257872
3236,0.143649584866
3237,-0.00416974729152
3238,-0.00413095058295
3239,-0.110483993911
3240,0.0495545100928
3241,-0.257287307689
3242,0.38494496908
3243,-0.321728891568
3244,0.146827555792
3245,0.244141673284
3246,-0.136760444486
3247,0.191758255154
3248,-0.0511235609661
3249,-0.107142041537
3250,-0.387170462922
3251,-0.163014926481
3252,0.139286855732
3253,0.0822477598187
3254,0.0789934086237
3255,-0.0787613123829
3256,0.148226179518
3257,0.136347988145
3258,-0.337739001397
3259,-0.103153589945
3260,-0.351739606186
3261,-0.0779331959558
3262,0.0200476242246
3263,0.261678263477
3264,0.246396990752
3265,0.0617420737209
3266,-0.208207213898
3267,0.0838604768934
3268,0.302380055769
3269,0.340201870963
3270,0.13110270463
3271,-0.295634461209
3272,-0.0792230489715
3273,0.295986062508
3274,0.0732001761004
3275,0.319998216188
3276,-0.331496551306
3277,-0.0700186014443
3278,-0.166057601454
3279,-0.0358070487176
3280,-0.0112347513675
3281,0.270705808342
3282,0.275096110457
3283,0.147081481705
3284,0.414348621843
3285,0.232315006475
3286,-0.0604665247121
3287,0.197023187154
3288,-0.0049314793162
3289,-0.288453400271
3290,0.0428958674106
3291,0.0268327454323
3292,-0.241686327967
3293,0.125499673468
3294,0.166826787326
3295,0.165554306473
3296,-0.179096086613
3297,0.202602359334
3298,0.000652866167812
3299,-0.284012670483
3300,0.0821571415869
3301,0.0127984944863
3302,-0.238181573178
3303,0.136210123241
3304,0.158278712639
3305,0.0191840072644
3306,0.114671640209
3307,0.208494234426
3308,-0.117241661866
3309,-0.00553341881037
3310,0.0532383511342
3311,0.137746258234
3312,0.215828701497
3313,-0.259704651946
3314,0.017023172789
3315,0.204639596105
3316,0.149770898228
3317,0.0722775029383
3318,-0.122572532338
3319,0.318760760244
3320,0.0804779279731
3321,-0.0507851927733
3322,0.369030018397
3323,0.132785518754
3324,-0.388417253355
3325,-0.183853043073
3326,-0.0961271397522
3327,0.210461551111
3328,0.420954587409
3329,0.0790444390191
3330,-0.0452415343168
3331,0.213764300069
3332,-0.170105522741
3333,-0.156848766735
3334,0.0560747552408
3335,0.248905007925
3336,-0.148844337652
3337,-0.11762747077
3338,-0.254842569332
3339,-0.126382367765
3340,0.0893569328209
3341,0.271237533354
3342,0.430369601746
3343,-0.0723851928227
3344,0.217290260779
3345,-0.28700628055
3346,-0.101352319922
3347,-0.133959005203
3348,0.226094778025
3349,0.227081108017
3350,-0.0196354202068
3351,-0.375483443861
3352,-0.193755154615
3353,0.0343739105851
3354,0.184900779275
3355,0.254948979755
3356,-0.390992773181
3357,-0.113873172177
3358,-0.000967406781165
3359,0.162370568349
3360,-0.248607528895
3361,0.0631870156618
3362,-0.271492723115
3363,0.135110132644
3364,0.169536876896
3365,0.0158824207246
3366,-0.233392307531
3367,0.214393799584
3368,0.308374506643
3369,-0.0278250905676
3370,0.0965726022554
3371,0.304721412688
3372,0.248056780094
3373,0.00222351103514
3374,0.0505166061651
3375,-0.060505771808
3376,-0.230863279916
3377,-0.300554084009
3378,-0.360595076128
3379,-0.319311901128
3380,-0.128049373613
3381,-0.0242094281633
3382,0.108286534777
3383,0.0163187717286
3384,0.287804426233
3385,-0.0246647814623
3386,0.031538763335
3387,-0.0980576042336
3388,-0.122189778827
3389,-0.0658104849426
3390,-0.0305231594298
3391,0.0266679896732
3392,-0.0760723397596
3393,0.131793040581
3394,-0.0822383927269
3395,-0.0520339577515
3396,-0.316973525278
3397,-0.0567390491168
3398,-0.176865202052
3399,-0.130733091313
3400,-0.320553868882
3401,0.0207966144542
3402,0.0921031423397
3403,-0.0324184315276
3404,-0.295555667366
3405,-0.184021891698
3406,-0.43507769146
3407,0.274666214803
3408,-0.324206316011
3409,-0.131813594768
3410,0.29179272976
3411,0.111682811439
3412,0.0192594880178
3413,-0.0881811922168
3414,-0.308595657273
3415,0.137578482332
3416,0.109707226834
3417,-0.0664176726896
3418,0.319283272297
3419,0.111201690625
3420,0.00501879752617
3421,-0.393506697051
3422,-0.117908229577
3423,-0.0857275148588
3424,-0.376228879907
3425,-0.331533444432
3426,0.271559847298
3427,-0.00181086052344
3428,0.18701207943
3429,0.195875119061
3430,-0.260376035687
3431,-0.238217788894
3432,-0.323862771068
3433,-0.140687792501
3434,-0.0414789338921
3435,0.0803460840764
3436,-0.43507769146
3437,-0.0375075720822
3438,0.250325852136
3439,-0.289845895835
3440,0.20010457357
3441,-0.185269602522
3442,0.145791335345
3443,-0.17109731521
3444,-0.338623373101
3445,0.209183736423
3446,0.219339545483
3447,0.210465886095
3448,-0.0832652002169
3449,0.118478022854
3450,0.267492503442
3451,-0.215854236898
3452,-0.127712381276
3453,-0.104947803824
3454,0.208178324356
3455,0.0515705490609
3456,0.143374821719
3457,0.246883112295
3458,0.205770894228
3459,-0.25457826161
3460,0.0289356756422
3461,0.193397958714
3462,0.263766473209
3463,0.0969509323198
3464,0.280417761807
3465,0.0491216492585
3466,-0.0766988837742
3467,-0.197367999718
3468,0.106983873625
3469,-0.101352319922
3470,0.0283287234632
3471,0.165651278013
3472,-0.0961862948121
3473,0.21487186206
3474,0.159924272554
3475,0.0544436904592
3476,0.210943267917
3477,-0.0821596677795
3478,0.31028281839
3479,0.205307455729
3480,0.0177212162987
3481,-0.0300777815837
3482,-0.129575244359
3483,0.00909665752652
3484,-0.0923362719014
3485,0.125128852605
3486,-0.277272770535
3487,-0.120994786464
3488,-0.215215550172
3489,-0.196130661894
3490,-0.413135406765
3491,0.173439195168
3492,0.223756850835
3493,-0.2418395394
3494,-0.168566213069
3495,0.221720145262
3496,-0.0962640480683
3497,-0.327487221477
3498,0.0815243017779
3499,0.370372312582
3500,0.0203721453045
3501,-0.0616197980661
3502,-0.198090036205
3503,-0.0155766379627
3504,-0.112717750387
3505,-0.134569622908
3506,0.404066076882
3507,-0.108724082688
3508,0.312511289087
3509,-0.105985105846
3510,0.179738871064
3511,-0.245289460571
3512,-0.0820101604883
3513,0.234531438182
3514,-0.369033497531
3515,-0.179972982114
3516,0.252505684948
3517,0.151215980143
3518,-0.0231813079347
3519,-0.304030271005
3520,-0.339218929379
3521,-0.0321854664569
3522,-0.0888373766321
3523,-0.12044118434
3524,0.264596278871
3525,-0.326685010331
3526,-0.46558232475
3527,-0.187713711275
3528,0.31132488301
3529,-0.252729030344
3530,0.430369601746
3531,0.227219890092
3532,-0.267445359476
3533,-0.253941282188
3534,0.0824821890864
3535,0.0217049063516
3536,-0.306568694276
3537,-0.168367148106
3538,0.314649300503
3539,0.246172846731
3540,0.192075796494
3541,0.102619123599
3542,-0.0692262996218
3543,-0.285315960868
3544,-0.108839701415
3545,0.00624680870493
3546,-0.0119711950942
3547,-0.316331542255
3548,-0.121046948051
3549,-0.263195146047
3550,0.189839079455
3551,-0.292251132936
3552,-0.406189444012
3553,0.215862526915
3554,0.0644278869855
3555,0.168649089128
3556,0.0109072620741
3557,0.0121380082204
3558,-0.124685466602
3559,0.067375218643
3560,-0.118307047324
3561,0.48149168857
3562,-0.0435554946022
3563,-0.0160661211583
3564,-0.0796914590116
3565,-0.318059289741
3566,-0.124723582999
3567,-0.0946741818255
3568,0.302813401972
3569,0.0706939177478
3570,0.203128803695
3571,-0.0705821253183
3572,-0.330080389367
3573,0.185071084371
3574,-0.0155122123825
3575,-0.214935111157
3576,0.133397544999
3577,-0.0164232273019
3578,-0.104477281094
3579,0.163615434608
3580,0.053349730621
3581,-0.0594082100564
3582,-0.171260479003
3583,0.122036114059
3584,0.411429837945
3585,0.116775927284
3586,0.164684847579
3587,-0.178485164055
3588,-0.433900240067
3589,0.277010858135
3590,0.137054073408
3591,-0.109710803285
3592,0.0668372015291
3593,-0.178363931191
3594,0.0824861234833
3595,-0.0857705271356
3596,0.294685931578
3597,-0.0831121580181
3598,0.230429990764
3599,-0.25356599647
3600,-0.31963224957
3601,-0.111872693398
3602,0.0120726918578
3603,-0.0367697485214
3604,0.22968270038
3605,-0.250044010135
3606,0.125420612083
3607,-0.372030542436
3608,0.280390807799
3609,0.159224125223
3610,0.182358076689
3611,0.0318810771146
3612,0.105223126249
3613,-0.051850039306
3614,0.132000738069
3615,-0.0535925714284
3616,-0.0352726557631
3617,-0.324110924455
3618,-0.279703288023
3619,-0.190973874703
3620,-0.117851521643
3621,0.179867684467
3622,0.250472703074
3623,0.227923892848
3624,0.0201271503451
3625,-0.255741407884
3626,-0.272160375921
3627,-0.0928767413175
3628,-0.357811610009
3629,0.198305897652
3630,-0.302011108449
3631,-0.128636205418
3632,0.160879517796
3633,-0.241696368514
3634,0.378124806691
3635,-0.214620141574
3636,-0.0482155697579
3637,0.3343581526
3638,0.316663652495
3639,0.0947695640472
3640,-0.114816593732
3641,0.0397498856456
3642,0.278764986157
3643,-0.341763492184
3644,-0.145859569048
3645,-0.354858227524
3646,0.0459454543426
3647,0.211522073201
3648,-0.00209103852877
3649,-0.267350302436
3650,0.094779191791
3651,-0.120780604259
3652,-0.181816952958
3653,0.0104169365245
3654,0.130288162214
3655,0.163109657532
3656,0.196779602091
3657,0.110020869121
3658,0.099127542373
3659,-0.120862116171
3660,0.0175257374178
3661,-0.0188206179012
3662,-0.0796382859372
3663,-0.107139777319
3664,-0.151603375135
3665,0.168596808664
3666,-0.132238142162
3667,-0.165276145945
3668,-0.13670726864
3669,-0.0839959968207
3670,0.219902632321
3671,0.11530287691
3672,-0.219014081031
3673,0.0984477602591
3674,-0.375169547001
3675,0.315116774821
3676,-0.315098283867
3677,0.315834028572
3678,0.133503991184
3679,-0.0738152447278
3680,0.204634472357
3681,0.300447821639
3682,-0.126862796433
3683,-0.134032203344
3684,-0.0872940704474
3685,-0.218663762461
3686,0.229334409775
3687,-0.115056959482
3688,0.0485976213014
3689,-0.119540711051
3690,0.013392395709
3691,0.152096044546
3692,-0.139506887357
3693,-0.319301991839
3694,0.308167847467
3695,-0.361586744727
3696,0.250801724498
3697,0.226786639231
3698,0.0172143576893
3699,0.261190036111
3700,0.0893126955758
3701,0.0313725968003
3702,-0.254140236741
3703,-0.118492972623
3704,-0.110063253281
3705,0.108362145327
3706,0.141341644156
3707,0.103010797403
3708,-0.230268751961
3709,0.120518786909
3710,0.0878054004121
3711,-0.0783991416378
3712,-0.196696504812
3713,0.210203491625
3714,-0.0914715289672
3715,0.16058614771
3716,-0.0959543521627
3717,0.238588159831
3718,-0.133106608515
3719,-0.0809461449459
3720,-0.138470077901
3721,0.263256643199
3722,0.272061149445
3723,-0.265625488336
3724,0.165138890662
3725,-0.343528818823
3726,-0.133406963841
3727,0.178119146859
3728,-0.368341503692
3729,-0.189364224894
3730,-0.0895664328053
3731,-0.0103313175539
3732,0.151766913592
3733,-0.0809094943302
3734,-0.159294249438
3735,-0.0322886872689
3736,-0.126232021286
3737,0.36033004078
3738,-0.277085396773
3739,-0.0702732503144
3740,0.0910983851792
3741,0.0369113106906
3742,0.0460840814366
3743,0.021574910311
3744,0.218467336915
3745,-0.123329817627
3746,0.20034928388
3747,-0.0766985205205
3748,-0.298701689928
3749,0.230514751434
3750,-0.318755391681
3751,-0.262460838778
3752,-0.112030880663
3753,0.117787800488
3754,0.0564158166656
3755,0.325620430385
3756,-0.356136580867
3757,0.115692841143
3758,-0.241757375401
3759,0.226808800297
3760,-0.0820110479688
3761,0.119982791918
3762,-0.304722326331
3763,-0.101057884602
3764,-0.314613367225
3765,0.0634357695935
3766,-0.170005911683
3767,-0.350391303888
3768,0.178819339589
3769,0.161570679559
3770,0.166974107643
3771,-0.192416759859
3772,0.0824249994092
3773,-0.126728710482
3774,0.229697047734
3775,-0.396569793722
3776,0.00747741807783
3777,0.228590916989
3778,0.176365928685
3779,0.191977943484
3780,-0.030826036388
3781,-0.196894170711
3782,-0.182656815581
3783,-0.226446436788
3784,0.033133162144
3785,-0.0944976203891
3786,0.15319106241
3787,-0.364055930272
3788,-0.318902962942
3789,-0.393034283061
3790,0.0142404752353
3791,-0.136963082472
3792,-0.0101681885465
3793,0.140258200518
3794,0.353624222219
3795,-0.0857813933111
3796,-0.101456503464
3797,0.237642440744
3798,0.218199456031
3799,0.0396195084869
3800,0.287022356726
3801,0.0226649855615
3802,-0.225083625135
3803,-0.240218306326
3804,-0.31633953165
3805,0.0282578462776
3806,0.0501195673394
3807,-0.134729526086
3808,-0.0815934387386
3809,0.169705554287
3810,0.0701419857506
3811,-0.21127108029
3812,-0.20149802872
3813,0.359488174123
3814,-0.277764120783
3815,0.276269362031
3816,0.126028656134
3817,-0.0261350929632
3818,0.179816289414
3819,0.00188414763078
3820,-0.293209715068
3821,0.0975885931958
3822,0.0268578940729
3823,0.128447427592
3824,-0.0751968842959
3825,0.147885424271
3826,-0.0384892785177
3827,-0.305025946075
3828,0.088526206645
3829,0.155219515815
3830,-0.0291601612653
3831,0.0281266711629
3832,-0.268053957876
3833,-0.301656697547
3834,-0.0248571849493
3835,-0.0531127369177
3836,0.165264590523
3837,-0.262468174006
3838,0.16820035798
3839,0.117652625785
3840,0.0217403778624
3841,0.109436418879
3842,-0.041755058235
3843,-0.240229179131
3844,0.243423747382
3845,-0.270291046475
3846,-0.252750423838
3847,-0.271646165046
3848,0.13298899101
3849,0.188384585855
3850,0.177842621083
3851,-0.291433596998
3852,0.0985688143596
3853,0.123427107802
3854,0.0949076923247
3855,-0.0858608838139
3856,0.0588182237315
3857,-0.332741825009
3858,-0.214231190956
3859,-0.356201728656
3860,0.171813805567
3861,0.0730475582553
3862,-0.193145754663
3863,0.0134036296059
3864,-0.308178575291
3865,0.0622250268662
3866,0.220312276741
3867,0.0007048994841
3868,-0.276694758845
3869,-0.414534546266
3870,-0.0867248005527
3871,-0.269383182578
3872,0.092193339408
3873,-0.208000704166
3874,-0.186922680638
3875,-0.0408171628218
3876,-0.117017105235
3877,0.15780945014
3878,0.0489539069688
3879,-0.211351791156
3880,0.0286465257462
3881,0.140114698544
3882,-0.183098634192
3883,0.0612917523702
3884,-0.313615527351
3885,0.0489055919699
3886,0.287168784114
3887,0.265540796378
3888,0.0228884446572
3889,0.0602125249429
3890,-0.0194175609472
3891,0.0745781059414
3892,0.0267845345289
3893,-0.0210368133727
3894,0.127315571143
3895,0.0439862674186
3896,0.235533399341
3897,-0.0203903711376
3898,0.245234113058
3899,-0.102460182838
3900,-0.139395313398
3901,0.166158005916
3902,0.206629580858
3903,0.114181113518
3904,0.157031143946
3905,-0.0750463202865
3906,0.0582238904287
3907,0.263596207553
3908,0.0348703748523
3909,-0.31436816867
3910,0.300698780256
3911,0.296320199256
3912,0.0473074791995
3913,0.130595319617
3914,-0.0902517505098
3915,-0.0750300047867
3916,-0.0195651354336
3917,-0.162147727007
3918,0.166368441833
3919,-0.123888334616
3920,-0.275279369829
3921,-0.184566820879
3922,-0.197469412504
3923,-0.151689256074
3924,0.254684411726
3925,0.0567393771956
3926,0.173471250683
3927,0.20187795217
3928,-0.171980822821
3929,0.259964726698
3930,0.0416858871419
3931,-0.146658735071
3932,-0.401911604842
3933,0.272995341472
3934,-0.212217886992
3935,0.134197931603
3936,-0.207115713447
3937,-0.393857860693
3938,-0.22562981329
3939,0.338452253378
3940,0.30595032422
3941,0.163508817582
3942,0.211251114533
3943,-0.0465534676167
3944,-0.029271238541
3945,-0.435959759246
3946,-0.248975133886
3947,0.033654221493
3948,0.17835890815
3949,0.136080173664
3950,-0.10910052067
3951,0.0710734383194
3952,0.0699185426662
3953,0.152098575356
3954,0.196490245327
3955,-0.214687679429
3956,0.233744434311
3957,-0.100242503695
3958,-0.262630384753
3959,0.0214459826066
3960,0.280939326619
3961,0.0736793196855
3962,0.0766740922452
3963,0.0301586382029
3964,0.0134088505462
3965,-0.0718862199473
3966,0.0841585369402
3967,0.0869210700778
3968,0.256962095881
3969,-0.227152573024
3970,-0.154398279633
3971,-0.0787848420047
3972,0.22953937202
3973,-0.158672583043
3974,-0.34448084268
3975,-0.0987319339566
3976,0.146311121755
3977,0.195026021423
3978,0.00378843568239
3979,0.122006431718
3980,-0.29554884115
3981,-0.179438876923
3982,-0.0216761906555
3983,-0.301891226583
3984,0.183347025675
3985,0.261463450808
3986,0.121350895355
3987,0.116929470111
3988,-0.100071589498
3989,-0.223673668964
3990,-0.0417538535245
3991,0.158270621514
3992,0.180614666844
3993,0.183955775709
3994,-0.0112347513675
3995,0.27464555519
3996,-0.306920882092
3997,0.103276986486
3998,0.0287485260952
3999,-0.0469591609474
4000,0.153080837085
4001,0.14403791131
4002,0.119061020574
4003,-0.192774511316
4004,0.163777267112
4005,0.119062318569
4006,-0.0510390274277
4007,-0.140483286076
4008,-0.251594367966
4009,-0.354766967223
4010,0.0300702451233
4011,-0.199769598224
4012,-0.219574421762
4013,0.0836266466893
4014,0.141657293437
4015,-0.242507915047
4016,-0.0689755130988
4017,0.38315210007
4018,0.176469996092
4019,-0.00943593172783
4020,-0.271992297155
4021,0.282921321684
4022,0.28863825659
4023,0.312473359091
4024,-0.0907239407612
4025,0.181885191679
4026,-0.0189186138563
4027,0.313677805753
4028,0.174422568537
4029,-0.285448142545
4030,0.186501703955
4031,-0.430499399978
4032,-0.34271685139
4033,-0.122949567835
4034,-0.26349294108
4035,0.0769829948519
4036,-0.0332240994778
4037,0.24411379432
4038,-0.114331858738
4039,0.491793087539
4040,0.281193778862
4041,0.194275044889
4042,0.163735063872
4043,0.212537584143
4044,-0.0647692366482
4045,-0.118458138734
4046,-0.105837302956
4047,0.261887202356
4048,-0.18478344786
4049,0.169731521079
4050,0.32093087617
4051,-0.101795340309
4052,0.0802097052452
4053,0.00669782308371
4054,-0.347274329487
4055,0.37335149743
4056,-0.191994443761
4057,-0.098075734471
4058,-0.0408320127743
4059,0.149535439435
4060,0.0236069862273
4061,0.198031319722
4062,-0.141631438839
4063,-0.134284471616
4064,0.176455198433
4065,-0.0295522895691
4066,-0.378468706188
4067,-0.128902498311
4068,0.0806203830269
4069,-0.137828858043
4070,0.391550384081
4071,-0.0188195359375
4072,0.219997295622
4073,-0.400317636639
4074,-0.34521841165
4075,-0.0993170823024
4076,-0.0351370054837
4077,-0.0721144325383
4078,-0.09595251888
4079,0.165319462019
4080,0.281835704967
4081,0.263121769561
4082,0.0801757305102
4083,0.166970505575
4084,-0.077555252591
4085,0.0423144060419
4086,0.032880461147
4087,0.265253576144
4088,-0.39646340474
4089,0.00977770306524
4090,-0.0709843200959
4091,0.0392114711171
4092,-0.0668448329759
4093,-0.0304795849515
4094,-0.30291833276
4095,-0.108121647266
4096,-0.0796914590116
4097,-0.104986547188
4098,0.13239282434
4099,-0.0287047981061
4100,-0.095446012254
4101,0.0851610251669
4102,-0.22310991462
4103,-0.125942658691
4104,-0.0838080980307
4105,-0.124930831005
4106,0.130217247353
4107,-0.0678515189259
4108,0.198002506016
4109,0.113148784707
4110,-0.139011882705
4111,0.216714934568
4112,-0.182386854815
4113,0.164159911998
4114,-0.373433897288
4115,0.168385534885
4116,-0.113486756258
4117,0.194397090698
4118,-0.193585104237
4119,-0.0485912322871
4120,-0.402970358523
4121,0.110447971561
4122,-0.00572711215539
4123,-0.251916098907
4124,0.24209819013
4125,0.149719272623
4126,-0.161975012512
4127,0.150255979462
4128,0.367854647321
4129,-0.331888683915
4130,0.217500746802
4131,0.0245461668336
4132,-0.0299438393474
4133,0.194275044889
4134,-0.10491496324
4135,-0.348152361389
4136,-0.132223689623
4137,-0.088917743972
4138,0.0428759490936
4139,-0.323137158807
4140,0.0618782268366
4141,-0.172055343811
4142,0.357577090571
4143,0.135804610166
4144,-0.330262487553
4145,-0.324402853244
4146,0.14088213033
4147,-0.32396271331
4148,-0.134104120381
4149,-0.075076950252
4150,0.235754619067
4151,0.0224110249789
4152,0.347106376405
4153,-0.304030271005
4154,-0.0223539883053
4155,-0.122414781802
4156,0.000549350722554
4157,0.105635536927
4158,0.0317031402502
4159,0.334433090389
4160,-0.0740574013011
4161,0.250232005819
4162,0.215685562874
4163,0.134771786761
4164,0.0125041067116
4165,-0.00332666015755
4166,0.0247233100256
4167,0.385842921984
4168,0.102848990803
4169,0.201382155388
4170,-0.0648319480691
4171,-0.138190742833
4172,0.290026489089
4173,0.132740624444
4174,0.122839777314
4175,0.0422087172433
4176,0.101934213076
4177,0.256559353506
4178,0.0332718804428
4179,-0.104246048845
4180,-0.179265431456
4181,-0.0336503891726
4182,0.156781877567
4183,0.13298899101
4184,0.159131231763
4185,0.124851462342
4186,-0.0513294413307
4187,0.18771511489
4188,-0.143718429527
4189,0.020479148874
4190,0.113985068748
4191,-0.273873259024
4192,-0.324024762726
4193,0.0554709592883
4194,-0.0212393636829
4195,-0.232564800544
4196,-0.0697588068654
4197,-0.0540923028264
4198,-0.173765619135
4199,0.0260136370325
4200,0.080260103906
4201,0.171052844361
4202,0.332570381211
4203,-0.191520887026
4204,0.0634506651303
4205,-0.189672232587
4206,0.223081714477
4207,-0.0867442161461
4208,0.100292274736
4209,0.1674503428
4210,-0.240635088058
4211,-0.131566765139
4212,-0.115860076423
4213,-0.166271424539
4214,-0.136525372003
4215,0.210443544153
4216,0.148546955877
4217,0.00536330876419
4218,0.20622612768
4219,0.175719402343
4220,-0.0309620308958
4221,-0.275322318751
4222,-0.173441808873
4223,-0.171057352023
4224,-0.278717986065
4225,0.029662607948
4226,0.0985756988727
4227,0.17411192166
4228,-0.406556440285
4229,0.0261949406794
4230,-0.173098451743
4231,-0.0223195061375
4232,0.107725220816
4233,0.0706068248608
4234,0.214516633566
4235,0.21029560939
4236,-0.166996663024
4237,0.0209210659197
4238,0.210443544153
4239,-0.310234530118
4240,0.471491824887
4241,0.0596563124213
4242,0.134927367739
4243,0.00167557041997
4244,-0.263974776422
4245,0.243323459193
4246,0.0949354888385
4247,0.0320622237212
4248,-0.178642315565
4249,0.132208052885
4250,-0.27876731596
4251,-0.0501789027175
4252,0.119552887181
4253,-0.388777206305
4254,-0.204963544665
4255,0.190747294215
4256,-0.338632866956
4257,0.2782357716
4258,0.106806497663
4259,0.202387372257
4260,-0.0517978944759
4261,-0.0493449544677
4262,-0.117332521874
4263,-0.197164604243
4264,0.227323190612
4265,-0.246354222853
4266,-0.0174776499093
4267,0.109531221423
4268,-0.302743143148
4269,0.138082313035
4270,-0.140368617477
4271,-0.0618374304615
4272,0.292484408222
4273,0.261254185633
4274,0.344121973439
4275,-0.260796009827
4276,-0.101482988297
4277,-0.00848400264251
4278,-0.020888041057
4279,0.0713994512651
4280,-0.0268830178492
4281,0.127187141079
4282,0.328001859667
4283,0.240212094277
4284,0.181312429455
4285,-0.0298203823478
4286,-0.291048559699
4287,0.125219874052
4288,0.271905998785
4289,-0.232320457594
4290,0.203715700495
4291,-0.0805402512726
4292,-0.0288862693887
4293,0.0853282810918
4294,0.168909162394
4295,0.0335714201767
4296,-0.131740616517
4297,0.0437903069316
4298,-0.0396813093655
4299,0.0791885346255
4300,-0.0720496656943
4301,-0.235524210871
4302,-0.357773319229
4303,-0.14057412929
4304,-0.0505523168716
4305,0.31605105739
4306,-0.0688655834922
4307,-0.0172552277073
4308,0.355253450246
4309,-0.0195896059076
4310,0.139334096532
4311,-0.0651314245216
4312,-0.173849413145
4313,0.24093899794
4314,-0.203616012036
4315,0.279627625217
4316,0.213472181057
4317,0.0440032824874
4318,0.36685450373
4319,-0.134180717517
4320,0.125894016108
4321,0.06169478424
4322,0.0052792620083
4323,-0.317639411803
4324,0.187812470403
4325,0.0901947079747
4326,-0.103347191566
4327,0.102881640466
4328,0.156190677926
4329,0.0423818529157
4330,-0.090722598327
4331,-0.20825217141
4332,0.160370791228
4333,0.226371472183
4334,0.155328220676
4335,0.0663930147039
4336,-0.140483286076
4337,0.176338034296
4338,0.137578482332
4339,0.23209750407
4340,0.189656456518
4341,-0.132735331836
4342,-0.215713095373
4343,0.211884273729
4344,-0.375622663811
4345,0.0661588759746
4346,0.127877219415
4347,-0.141264416465
4348,0.211191310012
4349,-0.402970358523
4350,0.133553384628
4351,0.0820687137539
4352,-0.0727432453852
4353,-0.0833734642777
4354,0.305187117233
4355,0.0850964980248
4356,-0.00511489118507
4357,0.176381795672
4358,0.176035466014
4359,0.162489206042
4360,0.0332372294069
4361,-0.300599834197
4362,0.210127018039
4363,0.140494011055
4364,-0.261609650916
4365,0.18232534678
4366,-0.112084856099
4367,0.0822187805344
4368,0.166688154625
4369,0.0321592729789
4370,-0.27951890183
4371,-0.0493449544677
4372,0.11127277201
4373,0.18698205284
4374,-0.139528351039
4375,0.088535215889
4376,0.0450338015159
4377,-0.393423105993
4378,0.194101264143
4379,-0.105234622737
4380,0.140509850201
4381,-0.304350092389
4382,-0.0877454032911
4383,0.296560189767
4384,0.158005613042
4385,0.154343329978
4386,-0.0621613040514
4387,0.197389799194
4388,-0.0689974168391
4389,0.22726465372
4390,-0.151513074693
4391,-0.103285163159
4392,-0.0824069324421
4393,0.251374156431
4394,-0.156896217057
4395,0.313399092695
4396,-0.102983088611
4397,-0.00918540019018
4398,0.0620834435144
4399,0.203108338011
4400,0.33445037036
4401,-0.282796986629
4402,0.337717485396
4403,0.0908336847118
4404,-0.254289963196
4405,0.302376297513
4406,0.0127239798984
4407,-0.238794149851
4408,0.177083457524
4409,-0.316098332517
4410,0.190012072128
4411,0.0387785768889
4412,-0.0573829383925
4413,-0.00223246864187
4414,0.207250816064
4415,-0.0692505957434
4416,-0.0881811922168
4417,0.047302933803
4418,0.306942079064
4419,-0.137899112399
4420,0.186418472579
4421,-0.0798884410832
4422,-0.105936848161
4423,0.00434295434715
4424,0.136567191747
4425,0.231567744777
4426,-0.120621123411
4427,0.107623577406
4428,0.164011205903
4429,-0.301950408615
4430,0.117537758109
4431,-0.0277970973416
4432,-0.06846198665
4433,-0.0328386586009
4434,-0.0130470244006
4435,-0.239575209701
4436,-0.324964331131
4437,-0.245886783264
4438,-0.0730363222722
4439,0.121256276511
4440,0.0947074308923
4441,-0.175075246713
4442,-0.333634971924
4443,-0.232915243039
4444,0.269508338092
4445,-0.376740174524
4446,0.2505271223
4447,0.168766449038
4448,0.353245393693
4449,0.0419989108171
4450,0.173964611829
4451,-0.351197605845
4452,0.168981976854
4453,0.344121973439
4454,0.0656621498977
4455,-0.250525842819
4456,0.235454262759
4457,0.0814933329088
4458,0.191103397919
4459,-0.0336255593549
4460,-0.0953187417838
4461,-0.141729667723
4462,0.131421657171
4463,0.0124159371668
4464,0.234536515956
4465,0.157505892669
4466,0.0560875367914
4467,-0.114816754538
4468,0.22726465372
4469,0.16503643025
4470,0.184887018403
4471,-0.195874757067
4472,-0.178429115246
4473,0.201594317362
4474,0.151063837619
4475,-0.132735229494
4476,-0.17971668268
4477,-0.0962486570592
4478,0.154089164821
4479,-0.284363482083
4480,-0.104592783791
4481,0.225094242885
4482,-0.101075591572
4483,0.269789705739
4484,0.158628286849
4485,0.160902977501
4486,-0.0546666106424
4487,-0.0461496252245
4488,0.161812948104
4489,0.102773138742
4490,0.218517149483
4491,-0.141615873507
4492,0.317875146355
4493,0.00385251615564
4494,0.0682611097815
4495,0.111568869982
4496,0.0917726951669
4497,0.109346733794
4498,0.0644562333669
4499,0.187220764116
4500,-0.0931009418875
4501,-0.272346618756
4502,-0.32384891549
4503,0.367530423153
4504,0.061787614678
4505,-0.211511937762
4506,-0.148522170902
4507,-0.210782223978
4508,-0.204153471845
4509,-0.293914600803
4510,-0.293209715068
4511,0.148999671682
4512,0.064497795144
4513,-0.067726276639
4514,0.0748219412911
4515,-0.411833642564
4516,-0.0529805749478
4517,-0.261694722869
4518,0.207827252483
4519,0.306073239275
4520,0.120795546435
4521,-0.141752687122
4522,0.222744950209
4523,0.252780441332
4524,-0.337157692903
4525,-0.147139525395
4526,-0.165139225666
4527,0.155720643441
4528,0.125846856924
4529,0.0368333022395
4530,0.0201325200817
4531,-0.383286212285
4532,0.107914714181
4533,-0.134266338948
4534,-0.235127776214
4535,0.207737106439
4536,-0.27514701288
4537,-0.32705379033
4538,0.123007398317
4539,-0.119846155889
4540,-0.127289881241
4541,-0.367286252186
4542,-0.230185185486
4543,-0.135189799014
4544,0.148919397092
4545,0.072614473538
4546,0.151521738616
4547,-0.402299430442
4548,0.33790376909
4549,0.19798705092
4550,-0.114402701307
4551,0.183374762966
4552,0.282704308303
4553,0.167484816199
4554,0.218159662896
4555,-0.0366742920454
4556,-0.341621713748
4557,0.231715174068
4558,-0.146810791873
4559,-0.0829859996532
4560,-0.213218070827
4561,-0.139139375525
4562,0.094500307482
4563,-0.0406354018987
4564,-0.00428147177532
4565,-0.331884058621
4566,0.178063195497
4567,0.0987633743921
4568,0.0576639040171
4569,-0.0862584482039
4570,0.128615797936
4571,0.165253113107
4572,-0.273694676614
4573,-0.283971279417
4574,0.216492093802
4575,-0.0946264409504
4576,0.157744604332
4577,0.0892197694295
4578,-0.36592876372
4579,0.145662759608
4580,-0.0682574111559
4581,0.0558866529963
4582,-0.199556320799
4583,0.0732001761004
4584,0.190092909676
4585,0.302196028714
4586,-0.0554601266092
4587,-0.129884325262
4588,-0.158804780142
4589,0.144002022821
4590,0.348410873745
4591,0.0961806476577
4592,0.193563626381
4593,0.167671589087
4594,0.0281486443951
4595,0.142022305975
4596,0.165979279796
4597,0.272488485492
4598,-0.0738674438543
4599,-0.0160731157644
4600,-0.0721761224664
4601,-0.144523072451
4602,-0.012303266878
4603,-0.209781863248
4604,-0.305204862223
4605,0.177280457792
4606,0.0414906650913
4607,-0.00802274517864
4608,0.0177274351479
4609,0.148430422317
4610,0.308272727888
4611,0.0960927334299
4612,-0.305221843211
4613,-0.195387367526
4614,-0.107397574756
4615,0.375680772694
4616,-0.294271256136
4617,-0.021480792924
4618,0.103273654496
4619,-0.154543644947
4620,-0.224059986296
4621,0.196046276592
4622,-0.14734361145
4623,0.34088091721
4624,0.264977090969
4625,-0.146209054412
4626,0.233893154964
4627,-0.0904316339124
4628,-0.291312201411
4629,0.0545464419269
4630,-0.110141400842
4631,-0.0377690165271
4632,-0.340332040882
4633,0.192037901982
4634,-0.435433672962
4635,0.23842163512
4636,-0.181239811144
4637,-0.00983289789249
4638,-0.140028206791
4639,0.00194199508813
4640,0.0936524937461
4641,0.243930894802
4642,-0.194609153998
4643,-0.10514371385
4644,0.198229232222
4645,-0.0842688962867
4646,0.178082888598
4647,0.032040300933
4648,0.138801379747
4649,-0.0640754955398
4650,0.0730451024068
4651,-0.0740628677864
4652,-0.12246655604
4653,0.238535944646
4654,0.062227079778
4655,0.220934609974
4656,-0.0608344907836
4657,-0.0544088043657
4658,0.116170507081
4659,-0.127538792416
4660,-0.0250891846268
4661,0.195293933274
4662,0.197996948297
4663,0.128344940294
4664,0.0491665266261
4665,0.0127239798984
4666,0.290143840479
4667,0.198002101998
4668,-0.199871134351
4669,-0.220555645488
4670,0.2672371391
4671,0.192063653138
4672,-0.255097290178
4673,-0.0421765417189
4674,-0.0306458595095
4675,-0.302329697023
4676,-0.0334043483329
4677,-0.257338213002
4678,-0.0684242859694
4679,-0.101207494772
4680,-0.0787265945373
4681,0.0515154047602
4682,0.260757006207
4683,-0.388747778188
4684,0.0988689997522
4685,-0.0520465704173
4686,-0.144295761832
4687,0.137809484216
4688,0.047852091317
4689,0.101341609881
4690,-0.0709843200959
4691,0.0362971734377
4692,0.291505142359
4693,-0.0372595388288
4694,-0.17109731521
4695,-0.142237842414
4696,-0.0122082853854
4697,-0.0712308285962
4698,0.171890023983
4699,-0.0792230489715
4700,0.171842053651
4701,0.309051993023
4702,0.197907163048
4703,-0.009070453567
4704,0.106672232438
4705,-0.436302251643
4706,-0.183643955001
4707,-0.136970660354
4708,0.105748425861
4709,-0.069635185496
4710,-0.00164017232035
4711,-0.112617074474
4712,0.187554240265
4713,-0.368119970098
4714,0.184283700702
4715,0.312398108218
4716,0.196561501216
4717,-0.398235469847
4718,0.291466900024
4719,-0.15455675293
4720,-0.0442284414171
4721,-0.168762578288
4722,0.0600095090641
4723,-0.3132851259
4724,0.260676000706
4725,-0.0240029679782
4726,0.265785896623
4727,-0.19223603794
4728,-0.241757375401
4729,-0.0148318695268
4730,0.10544324183
4731,-0.0717267628476
4732,-0.1065663294
4733,0.263505614067
4734,0.320927096777
4735,-0.172168396075
4736,-0.10425289343
4737,-0.0637464021962
4738,-0.282460546602
4739,0.209671242132
4740,0.149045992205
4741,-0.169789698347
4742,0.158765454994
4743,-0.340768174199
4744,-0.165894011726
4745,0.100833468818
4746,-0.0226857838418
4747,0.226701995685
4748,-0.00653839397248
4749,0.356305725974
4750,0.148057107148
4751,-0.364922301957
4752,0.186773795554
4753,-0.10378261649
4754,-0.0809461449459
4755,0.13249139724
4756,0.343005225852
4757,-0.0393977475122
4758,0.276786738632
4759,-0.379926903572
4760,-0.0497333951597
4761,0.0121962090036
4762,0.285570889059
4763,-0.02765237737
4764,0.0450342118807
4765,0.254470533133
4766,-0.187559397696
4767,-0.253570568411
4768,-0.0503068933383
4769,-0.141821499103
4770,0.143783458033
4771,-0.249478582066
4772,0.0688985297797
4773,-0.139599158755
4774,-0.365539402055
4775,-0.306983339385
4776,-0.248513724613
4777,0.202493905738
4778,-0.0149688804352
4779,-0.434395614119
4780,-0.366654415296
4781,-0.377351028053
4782,0.026888050301
4783,-0.0486377823633
4784,-0.0805512158558
4785,-0.13748614944
4786,-0.319311901128
4787,-0.0558033111801
4788,0.166387775375
4789,0.1860479555
4790,-0.0238348211908
4791,0.142986473032
4792,0.158136738183
4793,0.237475326513
4794,-0.0162236724793
4795,-0.306892543523
4796,-0.169185644891
4797,0.141593389627
4798,-0.358653597872
4799,0.144653832532
4800,-0.0994689558371
4801,-0.0648287839579
4802,-0.0843455071459
4803,-0.016079076386
4804,0.343138208482
4805,-0.0902279313228
4806,0.156292521612
4807,-0.109660729314
4808,-0.238469035555
4809,-0.16014921604
4810,0.230907291299
4811,-0.139666714399
4812,0.147759567054
4813,-0.0683077027102
4814,0.136257898039
4815,-0.129373324256
4816,0.125348785499
4817,-0.0648227271308
4818,0.0684845459869
4819,0.114181113518
4820,-0.355675953334
4821,-0.0172348550729
4822,-0.112717007793
4823,-0.358605857133
4824,-0.222331196391
4825,0.0250764508607
4826,0.132785518754
4827,0.230484018402
4828,-0.0224258461367
4829,0.238219822814
4830,-0.155810507392
4831,0.197475844649
4832,-0.149201544674
4833,-0.109009389228
4834,-0.142651011299
4835,-0.303118334561
4836,0.273208403944
4837,-0.168373461722
4838,-0.231443192184
4839,-0.187839246306
4840,-0.165587165617
4841,-0.270324579374
4842,0.107075919046
4843,-0.255519630829
4844,0.0858735229929
4845,-0.0549365348572
4846,0.136110880007
4847,0.185050323785
4848,0.445218755797
4849,-0.121673441651
4850,-0.0389536539842
4851,-0.103949707461
4852,0.213106643624
4853,-0.247162337261
4854,-0.131655161776
4855,0.0904922085031
4856,0.232281107606
4857,-0.216105181829
4858,-0.278873230473
4859,-0.0083220849332
4860,-0.273730128176
4861,-0.134027144472
4862,0.12915102036
4863,-0.14173977822
4864,0.174443110504
4865,0.106894195929
4866,0.22726465372
4867,-0.0869451664187
4868,0.186418472579
4869,0.107439232512
4870,-0.287093508281
4871,-0.161822834477
4872,0.116625080462
4873,-0.0623707434405
4874,0.123357567615
4875,-0.122450395359
4876,-0.424642553949
4877,0.156101114661
4878,-0.354503718522
4879,0.0506239176856
4880,-0.08601273392
4881,0.00349548567115
4882,0.40807518795
4883,-0.0456926521415
4884,0.134138875521
4885,-0.370920804536
4886,-0.00176377646101
4887,-0.343046573466
4888,0.00182202913085
4889,0.373620565289
4890,-0.0698436996867
4891,-0.218328902695
4892,-0.114829303317
4893,0.0781798823658
4894,0.128887316489
4895,-0.0548113509398
4896,-0.161902060636
4897,-0.225067487579
4898,-0.218155086818
4899,0.0522078652168
4900,-0.393138771849
4901,-0.134569622908
4902,-0.278444456665
4903,0.152929424095
4904,-0.14710216238
4905,0.063969333845
4906,-0.247374664706
4907,-0.156612448402
4908,-0.337351503535
4909,-0.0782016950789
4910,-0.271992297155
4911,0.177335600031
4912,-0.0118550024503
4913,0.222145024119
4914,-0.0598732099514
4915,0.155823691864
4916,-0.0341579787369
4917,0.33763629989
4918,-0.213221311915
4919,-0.0574085216834
4920,-0.0114083369655
4921,-0.284352086324
4922,0.159170731085
4923,0.0103394258337
4924,-0.158971086414
4925,-0.026640018109
4926,-0.114870883961
4927,-0.113148615566
4928,-0.173895330488
4929,-0.0365342596362
4930,0.138828183011
4931,0.0995000707452
4932,-0.0455109286561
4933,0.346807335735
4934,0.135074228372
4935,0.138079624004
4936,-0.13158705556
4937,0.166523127008
4938,-0.330482568858
4939,0.380821342028
4940,-0.089213362217
4941,-0.184038426413
4942,-0.107026383127
4943,0.0380164927884
4944,-0.134770334548
4945,0.227974636939
4946,0.340590205194
4947,0.245197213301
4948,-0.00333078934516
4949,0.0981454780773
4950,-0.379161148721
4951,-0.223292540626
4952,-0.259204084208
4953,0.0414185855318
4954,0.214299791434
4955,0.0537716911503
4956,-0.0695684929071
4957,0.385344315188
4958,0.278216586685
4959,0.0612545726463
4960,0.27132949384
4961,0.300171808395
4962,-0.134904610785
4963,-0.309928696514
4964,0.154564981819
4965,0.0485750139982
4966,-0.341872029901
4967,0.331105685026
4968,0.170461074142
4969,0.00502593212233
4970,-0.00903054943748
4971,0.178570302871
4972,-0.252152391731
4973,0.215363724863
4974,-0.124084140902
4975,0.191778738746
4976,-0.381688115582
4977,0.178658702875
4978,-0.10823636387
4979,0.296164745909
4980,0.0387276959841
4981,0.254055069409
4982,0.251443565378
4983,-0.270280281167
4984,-0.3266553062
4985,0.0567393771956
4986,0.134285230795
4987,-0.144673264918
4988,-0.0838454474838
4989,-0.251391757486
4990,0.265220966941
4991,-0.140368617477
4992,-0.0655794875732
4993,-0.0430996306024
4994,0.235825631389
4995,0.109793052948
4996,0.370454007256
4997,0.106309751211
4998,-0.00291065296884
4999,-0.0238928303894
